"Neuron1","Neuron2","Neuron3","Neuron4","Neuron5","Neuron6","Neuron7","Neuron8","Neuron9","Neuron10","Neuron11","Neuron12","Neuron13","Neuron14","Neuron15"
123.523,115.306,116.872,118.245,203.255,171.818,107.289,194.902,116.479,99.153,97.085,210.346,155.186,98.284,106.605
122.238,116.913,114.806,119.187,203.531,171.545,106.94,194.139,116.229,100.831,98.914,212.326,156.331,99.441,103.752
123.048,116.373,115.293,118.792,203.036,171.886,107.67,193.727,117.857,100.516,97.44,210.061,155.472,99.684,104.172
124.754,114.106,113.673,119.38,204.104,172.528,107.066,195.807,116.249,101.13,98.513,211.744,155.68,98.663,104.572
123.555,116.888,114.833,116.979,200.648,170.149,105.902,196.085,116.449,100.762,98.163,210.336,158.093,99.608,103.554
124.297,115.338,115.578,118.084,201.705,171.63,106.809,194.271,117.538,100.883,98.008,209.569,153.458,97.556,104.159
125.696,115.395,114.67,119.763,203.225,172.727,107.88,193.397,115.803,99.679,98.18,210.561,152.368,96.429,105.302
125.237,114.379,115.771,118.052,203.435,170.926,107.547,193.366,117.589,102.699,99.655,211.314,157.231,100.085,106.375
125.35,113.89,114.456,118.62,202.785,172.064,107.495,192.486,116.67,100.83,97.416,209.503,155.819,99.515,103.977
123.828,115.192,114.166,117.133,201.346,170.384,106.51,192.089,115.734,99.496,96.855,209.943,152.566,97.512,104.544
126.475,115.758,115.543,117.271,201.625,170.698,106.956,192.425,118.415,101.673,99.801,209.451,154.136,98.523,106.561
123.335,113.666,115.643,119.179,201.662,172.771,108.003,192.429,117.603,100.252,98.661,211.401,155.477,96.991,105.379
124.863,114.108,115.148,118.142,200.725,169.956,105.663,192.02,115.125,99.476,96.074,208.681,155.391,99.387,104.094
123.162,116.584,117.788,117.481,199.309,168.551,105.435,195.084,118.176,101.549,99.051,212.957,156.043,98.365,104.355
122.173,114.464,113.561,117.217,200.871,171.692,107.096,193.712,119.416,101.705,99.176,210.528,157.835,99.223,105.056
123.173,115.897,115.717,117.844,200.912,170.521,106.917,193.755,118.127,102.532,99.59,210.247,155.924,99.954,102.757
126.222,114.768,114.547,115.861,200.123,169.107,104.674,191.553,116.222,99.679,96.932,210.101,155.934,101.237,105.263
124.582,115.105,114.788,119.031,201.646,170.644,106.393,192.261,116.714,101.11,97.691,208.744,155.081,99.299,104.43
123.167,114.61,114.751,115.809,198.379,169.628,105.347,189.575,115.29,100.675,98.618,210.423,150.696,97.83,105.225
122.693,115.691,115.957,118.474,202.26,171.183,106.927,192.408,118.83,102.807,99.638,210.399,155.066,98.271,105.574
125.337,114.621,117.066,118.571,200.78,169.851,104.792,193.112,115.964,99.081,95.945,207.134,155.028,99.766,105.271
122.662,113.813,115.164,117.141,199.617,170.796,106.633,190.875,116.562,100.346,99.774,209.188,154.233,99.478,104.776
124.617,113.42,114.451,117.001,200.62,169.774,106.547,192.061,118.037,102.649,99.875,211.91,154.619,98.842,103.315
124.25,115.27,114.437,119.072,201.32,171.302,106.401,192.472,117.126,100.047,98.455,210.034,153.838,98.076,104.702
125.414,116.211,115.824,115.852,197.672,168.038,103.927,191.038,117.632,101.57,99.576,209.221,153.508,98.488,105.762
123.598,113.943,118.012,120.672,203.608,172.955,107.872,190.552,115.993,100.874,99.958,210.63,153.322,96.786,105.215
122.196,114.357,114.626,119.175,200.981,170.396,106.185,191.198,114.994,99.207,98.281,208.711,154.385,98.478,104.914
124.17,114.658,113.811,116.589,199.142,169.414,107.271,192.605,114.247,98.469,97.225,209.298,154.272,99.89,105.005
124.763,114.7,113.76,119.1,201.445,170.748,106.376,193.748,117.347,99.865,96.276,207.886,155.594,99.098,106.018
123.714,115.625,115.129,119.79,202.311,171.266,106.734,192.758,116.316,100.172,98.129,209.551,153.227,99.057,102.138
126.863,114.585,113.823,116.827,199.796,170.438,106.67,192.477,116.926,101.476,98.646,207.801,152.501,98.197,104.502
125.193,115.064,116.664,118.762,201.254,170.959,107.757,192.694,116.9,101.221,99.446,210.324,156.018,98.03,104.995
126.247,114.437,115.752,117.677,200.677,170.034,106.665,191.347,116.241,100.452,97.827,209.213,152.803,98.093,106.195
124.899,116.116,114.582,117.578,200.886,171.704,106.407,193.239,117.592,101.168,100.009,210.247,152.958,98.299,105.473
125.822,114.152,113.573,116.892,199.298,169.461,105.301,190.722,115.579,99.068,96.12,207.103,153.439,98.637,103.095
122.9,115.407,113.844,117.416,200.145,170.77,105.521,191.751,116.427,100.595,97.315,208.099,153.28,98.667,103.117
125.931,113.883,115.447,117.639,199.532,169.379,105.641,192.61,117.544,100.942,98.683,209.329,155.138,98.277,103.696
123.762,114.82,116.447,119.659,201.133,171.09,107.165,189.908,115.534,100.878,97.45,208.462,153.449,98.389,104.374
122.694,115.522,114.368,116.806,199.358,170.975,107.624,193.197,116.226,101.028,98.782,210.5,154.439,98.096,103.698
124.887,114.684,114.463,117.94,199.984,171.392,106.711,192.174,116.071,99.817,98.41,208.645,154.321,99.094,104.941
125.304,115.822,113.102,118.165,199.864,171.876,107.299,191.966,117.627,101.25,98.942,209.788,154.651,98.634,105.237
128.3,118.309,115.951,119.054,223.381,176.867,110.777,204.251,120.85,101.832,99.089,234.161,164.867,97.852,108.914
127.923,132.431,135.942,120.852,251.049,198.205,120.626,227.534,136.243,108.471,100.646,275.373,204.233,102.061,117.638
127.938,119.947,127.203,119.742,224.666,181.219,112.649,207.093,123.1,102.545,98.245,237.888,176.076,99.707,113.339
127.346,118.205,120.926,117.999,212.702,175.793,109.387,199.952,119.003,102.148,98.189,222.453,163.228,99.702,109.439
125.477,117.413,117.629,119.677,210.099,174.816,109.336,197.816,116.088,99.798,97.678,215.778,159.412,98.694,106.918
124.115,114.857,117.307,121.376,208.59,173.654,107.981,194.64,115.835,99.533,97.378,211.602,157.784,97.555,105.584
122.833,116.075,115.643,117.713,204.604,172.993,106.722,196.405,118.846,102.517,98.95,214.769,154.815,96.651,104.727
121.894,115.892,118.211,119.248,205.952,173.952,107.728,194.953,116.43,99.675,98.576,212.548,156.062,98.343,105.508
124.991,115.108,114.703,117.612,205.138,172.547,107.228,195.433,117.802,100.776,99.192,211.821,156.259,98.329,106.981
126.449,115.247,115.72,116.748,201.904,170.808,106.225,193.555,116.424,100.664,98.799,211.035,156.91,98.12,104.785
125.775,114.515,115.848,118.476,202.589,172.524,106.8,195.34,115.645,100.387,98.418,211.18,155.678,98.553,102.733
126.667,115.423,114.956,117.61,201.802,172.385,106.986,193.633,117.47,100.767,98.208,210.844,153.064,96.857,104.042
124.392,115.694,116.679,117.37,202.732,170.534,106.162,193.468,118.407,101.859,99.763,213.11,154.598,97.904,104.845
123.495,114.625,115.025,117.499,201.871,170.251,106.129,195.107,119.059,102.158,99.832,211.817,157.19,101.122,104.689
123.895,115.439,113.993,118.711,203.54,172.626,106.824,195.301,118.103,101.321,98.889,210.445,153.528,96.736,107.551
125.627,114.908,114.897,118.101,202.424,171.376,105.977,194.069,120.471,102.539,99.118,210.705,155.256,97.976,105.938
127.191,113.658,115.321,117.23,200.974,169.46,105.221,195.911,114.755,98.773,96.354,207.578,156.251,100.258,105.149
124.159,114.487,113.578,116.806,200.793,168.943,105.824,193.535,116.633,100.679,98.146,211.163,154.867,98.62,106.024
121.901,114.371,114.55,117.177,202.088,170.824,107.075,194.874,116.466,99.804,98.602,210.574,152.708,96.677,104.257
124.989,113.863,113.872,119.121,203.884,174.157,109.706,193.296,116.494,100.355,98.563,208.874,154.328,97.04,104.101
125.025,113.776,111.809,117.786,201.601,169.706,105.827,194.57,117.008,99.978,96.321,207.82,154.282,97.427,105.115
122.4,113.934,114.837,120.098,203.852,172.949,108.671,192.329,116.481,99.721,97.33,208.021,154.782,97.172,105.106
125.122,113.404,116.809,117.829,202.265,170.581,107.368,191.822,116.077,101.094,98.221,209.079,154.018,98.265,104.525
126.102,115.061,114.542,117.705,201.234,172.716,106.976,191.961,116.503,100.813,99.164,208.822,153.016,97.377,104.986
124.217,117.059,115.846,118.789,201.836,170.94,105.831,194.855,116.862,99.717,96.631,208.015,154.302,98.214,103.864
123.257,113.571,113.837,117.874,200.985,171.885,106.484,194.239,116.294,101.627,98.637,210.374,154.623,98.613,106.882
122.864,114.488,114.33,117.978,201.895,171.856,107.668,191.701,116.73,100.95,99.884,210.128,156.59,99.954,104.832
124.445,113.711,115.922,117.621,199.633,170.433,104.948,193.679,118.525,101.712,97.968,208.838,155.005,99.609,104.064
123.402,114.152,115.625,118.514,201.48,172.078,106.6,193.043,115.462,100.049,96.986,207.928,155.124,99.232,103.114
125.293,114.642,113.529,119.246,201.881,171.264,109.32,191.192,117.881,101.565,99.816,209.745,153.774,98.218,102.668
123.835,113.205,113.367,115.188,200.276,168.706,105.097,192.662,116.909,100.432,99.778,209.055,152.823,98.2,103.437
122.622,112.061,115.434,118.044,201.366,170.006,106.948,194.653,116.138,100.332,96.915,206.69,154.815,98.651,103.913
126.512,115.153,114.932,119.779,202.9,171.153,107.143,191.67,116.225,100.439,99.856,208.601,154.023,98.187,103.2
124.215,114.646,115.396,118.032,199.899,168.894,104.45,193.257,115.693,100.012,97.836,208.102,154.436,98.677,104.335
126.436,113.113,114.532,118.281,201.646,170.986,107.069,191.824,115.372,99.702,96.941,208.257,152.813,98.064,104.437
120.688,113.639,115.642,119.17,202.318,172.42,108.026,189.611,115.858,99.804,97.947,208.843,155.59,98.742,102.728
124.861,111.709,115.638,119.173,201.893,171.517,108.019,191.037,114.714,99.752,97.63,209.97,155.44,98.505,104.539
124.903,114.269,115.306,118.741,201.731,172.001,108.766,191.876,116.789,99.559,98.213,209.075,155.844,99.273,103.692
124.587,115.549,114.889,117.358,198.91,169.392,105.893,191.666,115.401,99.628,97.918,208.092,154.648,98.876,103.483
123.59,114.226,114.036,117.963,201.943,171.23,107.192,194.923,117.617,100.532,97.689,207.272,152.606,98.046,105.881
124.113,114.269,114.566,118.259,200.744,170.365,106.576,192.784,114.831,99.613,97.474,208.22,152.543,96.3,102.575
126.866,115.056,113.985,117.902,199.733,169.233,105.403,191.19,117.775,99.679,97.336,207.106,155.155,98.656,103.683
124.208,112.022,112.964,117.082,199.424,170.383,106.951,189.947,114.299,99.472,96.985,208.563,155.527,98.587,105.276
124.775,115.297,113.763,116.693,199.379,168.177,104.031,190.956,116.134,100.344,99.177,208.174,153.372,97.168,104.081
125.461,113.411,115.363,115.92,198.525,168.161,104.561,192.301,118.216,100.743,97.994,208.694,152.304,96.756,103.87
124.058,114.995,113.521,117.443,198.583,169.848,105.94,191.653,117.094,99.885,99.762,209.495,152.659,96.991,103.354
124.601,115.009,113.907,118.767,200.444,171.075,106.148,191.999,114.061,99.535,96.013,208.188,154.037,99.338,107.094
122.326,114.461,113.751,118.044,199.696,169.413,104.505,192.347,114.307,97.977,96.212,206.907,153.553,97.669,104.315
124.917,114.771,112.835,116.886,199.465,170.091,105.885,192.041,116.532,100.489,99.155,208.772,154.345,99.249,104.221
122.84,114.01,114.325,119.046,201.991,170.698,107.221,192.213,116.211,99.702,97.004,207.853,152.992,98.264,105.482
124.067,115.314,114.224,118.206,201.049,171.879,108.319,192.381,116.748,99.74,97.724,209.044,154.402,99.415,105.441
123.269,115.299,113.809,119.702,201.634,172.149,108.231,189.753,113.826,98.075,95.474,208.044,152.765,97.991,104.416
124.093,113.52,114.128,118.442,201.299,170.691,106.248,191.535,115.033,99.569,97.21,207.849,154.615,99.255,102.782
125.206,114.768,114.01,117.882,200.527,170.729,107.78,190.813,116.089,100.449,99.445,210.227,152.342,96.872,103.446
124.514,113.466,112.833,118.26,200.681,169.245,105.487,193.184,118.513,101.837,97.994,209.477,154.33,97.932,103.451
126.965,114.418,114.508,117.519,200.129,169.601,106.37,191.068,114.199,98.313,95.784,208.672,152.399,97.528,103.064
124.344,116.294,114.85,117.947,198.833,169.45,105.262,191.44,118.71,101.24,100.18,208.777,151.76,96.466,103.989
122.364,114.619,113.335,117.508,199.72,170.526,106.051,191.609,115.335,99.234,97.161,207.936,154.583,100.632,103.248
125.339,112.775,113.29,117.378,199.528,170.377,106.026,191.114,115.987,100.562,98.617,208.182,153.93,99.791,105.511
124.956,112.361,113.881,117.567,199.828,168.71,105.568,192.611,115.278,99.575,96.488,209.205,153.959,98.438,105.314
123.867,114.659,112.241,117.363,199.15,171.183,106.5,192.298,114.48,99.123,96.789,208.739,154.003,97.963,102.902
124.871,116.12,114.628,117.198,199.704,169.153,104.726,190.697,114.921,99.069,97.116,207.329,152.804,98.728,104.777
122.693,113.292,115.205,118.705,200.126,168.912,105.686,190.861,117.294,101.364,98.278,209.959,151.765,96.438,106.074
124.366,114.724,114.332,117.766,200.391,171.5,107.408,191.518,114.515,97.755,95.678,205.625,153.177,98.316,103.679
124.505,112.073,113.386,116.929,199.109,168.9,104.424,191.995,117.102,101.29,98.896,208.424,152.935,98.213,102.404
126.209,115.264,116.118,120.199,213.225,175.088,109.177,202.2,122.037,103.42,98.758,219.464,163.765,99.711,105.238
131.643,126.22,132.57,120.675,252.063,222.706,118.064,235.522,140.998,106.993,97.511,277.279,196.812,101.928,118.909
128.975,120.662,126.96,117.871,223.988,191.783,110.384,211.707,127.226,103.575,97.153,238.9,174.021,101.841,112.488
124.762,115.928,121.95,117.913,212.428,180.366,106.573,202.579,121.521,102.721,97.998,222.301,164.064,100.976,107.322
123.729,117.763,119.826,117.916,209.72,176.415,107.16,199.368,118.093,101.904,97.596,216.845,159.082,99.637,105.925
123.806,112.302,116.964,117.654,206.506,172.844,104.711,196.43,118.375,101.23,98.037,213.734,156.119,98.547,103.056
125.563,116.22,114.625,118.648,205.731,173.79,106.684,197.34,116.375,99.637,97.413,212.574,156.19,97.048,106.341
124.069,115.465,116.44,116.798,202.976,173.001,105.273,195.288,116.896,99.545,96.931,210.038,156.862,99.825,105.296
124.336,114.117,112.226,116.827,202.941,173.389,106.098,194.534,116.747,100.09,98.263,210.232,155.28,99.397,105.868
123.757,112.702,114.874,119.741,203.509,173.1,105.845,195.959,115.874,100.091,98.055,211.699,153.308,96.884,104.542
124.338,117.696,115.66,118.244,203.107,173.727,106.965,194.309,117.026,99.899,97.358,210.797,153.898,99.157,104.404
123.968,114.363,114.015,117.733,202.21,172.465,106.112,195.379,118.16,101.279,99.309,212.028,154.308,98.755,102.422
125.524,116.021,113.973,116.978,202.835,171.648,104.739,194.859,118.044,101.143,98.943,211.096,154.213,98.688,103.814
125.107,116.049,113.618,119.566,204.101,173.398,109.18,195.013,116.486,100.779,98.464,210.133,155.078,99.848,103.031
122.78,113.994,115.942,118.746,203.436,172.469,107.273,192.39,116.078,99.87,98.34,210.974,154.47,98.49,105.048
125.451,112.21,112.438,116.847,202.885,172.152,107.251,193.281,116.926,99.411,97.242,210.23,154.333,97.736,105.321
123.138,114.862,113.674,117.651,202.992,173.096,106.596,191.947,117.001,100.512,98.646,209.871,154.836,100.26,104.049
123.644,114.392,115.2,118.725,201.694,170.988,104.637,193.155,115.267,99.627,97.46,208.577,154.965,100.272,104.262
124.684,115.322,113.378,118.918,203.268,172.175,106.784,192.414,115.158,99.779,98.016,209.819,156.553,98.999,103.86
126.05,116.088,114.66,116.442,200.493,171.133,105.159,193.842,115.855,99.435,97.871,208.578,153.006,97.245,105.316
121.862,114.359,112.119,116.792,200.414,171.639,106.439,192.94,117.396,100.859,98.9,212.177,152.815,97.872,105.215
124.828,113.797,113.307,118.393,201.746,170.072,106.375,193.423,116.302,101.549,97.514,209.931,153.589,96.858,104.255
124.093,114.175,115.464,118.225,200.77,169.294,105.047,192.916,116.15,100.572,98.791,209.862,154.554,96.854,106.24
125.936,115.764,113.713,119.636,201.316,170.974,105.382,194.012,115.405,101.156,98.803,208.203,154.299,97.149,105.02
124.021,115.241,114.972,117.128,200.731,170.362,105.46,192.165,115.407,99.743,98.113,209.612,154.935,99.188,104.242
124.957,114.93,115.15,119.024,200.474,171.122,105.655,191.738,117.264,100.291,98.248,209.621,153.276,96.987,103.805
125.503,112.232,114.056,116.096,199.197,168.898,105.341,191.485,115.714,99.868,96.719,207.46,153.327,95.696,105.087
124.229,114.845,116.108,118.042,201.191,169.678,104.963,192.496,116.46,100.445,97.475,208.77,151.624,97.421,106.29
123.978,115.196,112.944,116.588,201.411,170.542,105.138,190.423,117.072,100.882,99.671,211.428,152.381,96.049,105.663
122.567,113.683,112.821,117.532,201.783,171.373,106.53,192.705,117.104,101.048,98.437,208.581,153.366,96.9,105.155
123.984,114.18,111.281,117.173,200.437,169.732,106.225,190.217,115.594,100.564,100.724,210.444,152.446,96.966,102.21
124.434,113.329,113.397,115.602,199.742,170.517,105.749,191.783,115.861,99.197,96.963,207.445,153.368,98.411,103.658
124.859,116.721,115.247,117.284,200.683,169.345,105.205,192.339,115.938,99.14,96.122,206.515,154.112,98.897,104.665
124.646,115.073,113.903,117.868,200.777,170.556,106.038,190.943,116.668,100.876,97.142,207.696,152.281,98.306,103.989
123.602,114.538,112.559,117.264,200.598,169.483,105.391,191.371,116.225,100.306,99.737,210.192,150.694,95.312,105.131
123.934,116.019,112.649,116.704,199.565,171.046,105.227,191.328,116.448,99.988,98.147,207.96,153.051,98.746,104.793
123.626,114.257,114.971,118.101,199.546,169.292,105.102,190.5,116.151,100.526,97.193,208.333,154.417,98.643,104.491
120.648,114.41,113.956,117.152,199.63,169.565,105.877,192.492,114.596,99.901,98.706,209.992,152.756,97.04,105.254
123.059,116.286,113.469,117.187,198.658,170.028,105.338,192.961,115.607,99.485,95.814,207.594,154.139,97.641,103.774
123.605,114.687,111.679,118.02,200.098,169.754,104.796,191.386,117.021,100.523,97.786,208.634,154.715,97.903,105.594
125.801,115.09,113.584,118.136,200.376,170.703,106.698,191.942,117.846,101.11,99.545,207.896,153.16,99.081,103.303
123.616,114.426,112.073,116.574,198.988,169.086,104.976,189.735,116.339,100.404,100.15,209.047,152.387,96.508,104.09
124.534,113.145,112.345,117.835,200.616,170.84,107.383,192.393,116.037,100.917,98.772,209.316,154.72,99.205,104.573
124.68,114.351,115.161,120.107,202.257,172.416,107.414,192.827,114.953,99.264,96.787,206.874,152.21,96.721,102.288
121.178,114.064,113.071,118.194,199.361,169.16,106.051,191.082,115.735,100.084,98.358,209.998,151.242,96.581,103.467
121.915,113.981,115.309,118.601,200.862,169.323,105.576,190.963,114.387,99.127,96.3,208.296,153.371,98.141,104.103
122.527,114.142,115.208,116.321,199.096,169.257,104.228,192.266,119.191,101.775,99.354,208.371,152.756,97.523,104.469
121.888,114.356,112.077,116.984,200.151,169.168,104.425,190.327,115.925,100.225,97.245,207.794,155.263,99.221,104.075
121.698,113.798,111.05,118.684,200.848,171.105,106.305,191.478,115.979,99.763,97.189,208.19,153.53,97.985,104.802
124.117,114.956,112.509,116.887,199.87,171.227,106.654,191.268,116.604,100.308,98.079,208.275,153.394,99.24,105.158
122.912,113.278,112.652,115.829,200.074,169.496,105.988,191.783,115.71,100.322,98.236,208.504,151.995,96.569,102.493
123.673,112.549,115.417,117.946,201.36,169.501,105.757,191.211,115.828,98.919,99.059,209.576,154.042,99.073,104.061
123.415,114.784,112.529,117.844,200.38,170.227,106.362,189.896,114.512,98.32,97.295,208.3,152.5,97.311,103.308
123.55,112.863,113.993,118.341,200.269,171.033,107.002,191.42,116.589,100.724,98.194,208.667,154.782,99.268,100.504
124.212,114.068,112.038,115.777,199.044,169.536,106.274,189.178,116.388,98.948,98.117,207.286,153.373,97.435,103.997
123.688,113.332,112.271,116.71,199.933,171.294,106.565,193.217,116.274,98.944,95.509,206.564,153.28,96.9,104.153
124.63,111.45,112.523,117.913,199.782,170.233,104.914,194.262,117.532,100.8,99.347,208.847,154.256,98.072,103.522
125.258,114.645,114.82,117.069,200.013,168.781,105.024,190.917,114.795,99.716,98.011,210.871,151.896,98.316,104.641
129.556,125.458,119.068,118.37,230.563,198.504,111.091,228.512,131.069,104.487,98.558,261.556,174.639,98.291,110.945
126.228,130.255,128.57,118.981,239.111,222.684,116.32,248.257,139.229,107.461,97.945,282.303,179.63,101.348,115.118
125.139,120.142,125.82,119.187,219.301,192.559,110.022,218.729,127.701,103.575,98.616,243.727,163.247,99.641,110.011
121.581,116.745,119.307,116.43,208.805,180.63,106.242,207.34,120.707,101.218,97.518,225.053,157.065,98.791,107.245
124.705,115.564,115.541,119.16,207.853,177.569,106.055,202.328,116.775,99.082,95.544,214.313,156.932,98.436,103.877
122.093,115.502,114.317,117.998,205.441,176.293,106.355,199.938,116.691,99.476,96.532,213.214,154.974,98.08,105.07
123.344,113.8,116.346,119.616,205.381,175.863,108.043,196.465,117.564,100.113,97.514,213.085,156.836,98.093,105.061
125.489,116.492,115.272,118.712,204.261,175.358,107.512,197.605,116.123,99.577,98.464,212.841,155.574,97.597,103.662
123.742,114.553,115.942,117.126,201.057,173.593,105.622,195.843,117.18,100.847,99.014,210.394,152.312,96.127,103.709
123.786,113.614,115.235,118.142,204.851,174.464,107.066,196.448,118.164,101.84,97.941,212.519,155.587,98.739,104.31
121.84,114.099,116.685,118.122,205.376,174.617,106.644,195.326,115.944,100.235,99.279,213.354,154.764,98.398,102.964
125.609,115.502,112.57,118.465,203.112,173.996,106.124,194.64,115.005,98.308,96.698,208.282,154.687,98.043,103.256
123.216,112.981,113.388,117.8,201.215,173.528,106.004,194.376,117.403,101.081,100.074,211.978,155.397,98.777,103.524
124.112,114.87,114.984,117.145,202.282,171.421,105.038,194.494,116.451,100.13,96.982,209.533,155.624,98.823,104.322
122.908,112.693,112.869,117.446,201.462,171.503,107.135,194.067,118.013,102.212,99.195,211.178,152.565,96.853,105.906
124.934,113.69,112.944,117.5,202.505,171.505,107.023,193.479,115.129,99.094,97.006,208.693,155.489,98.033,103.642
125.215,115.284,112.325,116.659,200.77,172.158,105.65,192.577,116.491,99.71,97.33,208.434,153.054,98.461,105.47
123.731,115.374,113.365,117.006,200.885,171.431,104.492,190.955,115.057,99.714,96.369,208.39,154.121,98.197,104.963
124.35,114.761,112.968,117.091,201.854,173.014,106.495,192.979,114.6,99.167,97.184,208.624,152.753,98.162,104.681
124.551,112.266,113.321,117.878,202.258,171.591,106.413,193.246,117.729,101.147,98.426,209.038,153.962,98.245,105.177
125.081,112.918,114.185,118.266,202.652,172.56,107.826,193.86,113.649,98.526,98.118,209.025,154.475,99.354,105.23
122.696,113.852,113.233,118.65,202.595,172.69,106.216,191.657,113.649,97.397,95.519,207.389,153.117,97.3,104.969
124.8,114.485,112.437,116.553,201.802,172.209,106.212,193.587,114.884,99.122,98.452,209.454,154.209,97.172,103.6
123.356,114.165,113.404,117.259,199.984,170.249,105.244,192.112,113.968,98.55,96.244,207.578,154.143,99.996,104.905
119.88,112.619,111.402,117.304,200.742,171.243,105.252,192.275,113.455,99.286,97.289,209.352,151.894,95.521,104.89
122.503,113.468,113.688,117.52,201.005,170.049,105.393,191.25,115.747,100.449,98.188,209.72,153.282,97.777,106.047
121.658,113.291,114.742,116.747,201.253,169.609,105.22,193.436,115.335,99.095,95.256,207.621,152.6,96.991,105.151
120.22,112.764,112.774,117.104,199.555,171.208,105.364,190.739,114.296,99.829,98.013,208.827,154.874,98.339,103.264
121.251,114.146,111.99,116.522,198.318,168.617,104.293,193.68,114.657,99.549,98.874,209.037,152.673,96.661,103.665
124.804,111.874,111.805,117.642,201.805,171.626,106.574,192.559,115.085,99.348,97.078,207.605,154.15,97.788,104.291
121.095,113.584,111.721,118.065,201.59,170.666,105.611,192.406,117.248,100.681,98.054,210.15,152.356,96.875,105.098
122.528,113.722,113.917,118.664,199.785,170.685,104.762,192.75,116.227,101.367,97.921,208.349,152.689,97.984,105.307
125.023,114.257,113.345,115.362,198.945,169.528,105.521,189.402,115.323,99.349,98.081,207.715,151.933,96.127,103.038
121.649,115.162,112.34,117.268,199.898,168.755,103.597,188.579,114.843,99.414,98.598,209.498,151.212,96.837,102.692
122.216,112.653,114.444,118.02,199.965,170.672,105.907,190.733,113.464,98.362,96.585,207.987,153.724,96.212,104.04
122.42,113.39,112.28,119.402,201.876,171.961,106.112,189.778,114.435,99.256,98.061,209.161,153.554,99.729,104.957
121.082,115.616,113.253,117.911,201.204,171.493,106.591,190.475,115.218,100.108,98.137,207.675,152.899,96.863,105.209
121.928,113.948,113.188,117.421,200.844,170.22,105.926,189.725,114.816,99.319,96.335,207.336,151.723,97.507,104.844
123.099,114.002,112.364,117.996,200.399,170.72,104.64,192.231,114.983,98.277,95.654,206.262,152.992,98.099,103.187
121.069,113.969,113.833,117.005,201.033,171.739,106.762,190.98,116.098,99.799,96.668,207.367,152.089,97.619,104.369
123.526,113.797,113.554,116.111,199.133,168.857,104.297,191.079,113.866,98.465,96.865,207.161,151.428,96.377,104.291
121.553,115.14,110.299,117.114,199.578,169.736,104.639,190.24,116.852,99.767,97.005,207.978,151.714,96.292,102.637
122.547,116.152,113.887,118.07,201.194,171.341,106.558,190.292,117.927,100.966,99.356,208.972,150.632,95.511,103.285
123.406,114.304,113.302,116.433,198.506,169.514,105.025,191.34,115.002,99.517,96.653,207.056,152.254,97.48,103.58
124.613,111.254,113.581,117.232,200.176,170.11,104.972,191.488,114.735,98.217,97.04,207.478,153.852,97.74,101.714
120.617,113.559,114.231,117.745,200.389,170.5,106.062,189.916,115.797,99.62,96.648,208.267,152.001,98.014,104.076
121.649,113.021,113.052,115.554,198.554,168.76,105.027,189.363,113.885,97.263,93.379,205.531,153.717,98.56,103.268
127.484,138.979,134.743,121.044,252.538,223.14,119.88,247.581,144.397,105.965,97.544,302.074,207.404,99.687,126.75
122.85,124.974,131.261,119.13,226.109,193.012,111.848,221.096,133.312,104.699,97.033,255.228,179.468,98.081,118.253
122.189,120.06,124.019,119.359,213.995,181.118,109.007,206.27,123.602,101.83,96.892,228.189,165.605,100.2,109.702
122.954,114.584,118.432,117.939,207.202,174.932,104.666,200.875,120.076,100.398,95.688,217.699,157.876,96.519,106.407
123.817,113.796,117.66,118.131,204.132,173.928,104.836,198.315,114.966,99.487,97.131,215.167,157.098,96.804,105.712
122.84,115.641,114.709,118.802,204.992,173.842,104.33,197.074,116.671,101.144,99.535,213.865,156.07,97.19,105.215
124.457,116.031,113.896,118.472,204.406,174.507,106.258,195.408,115.216,98.615,97.492,210.571,156.25,97.523,101.523
123.087,114.878,114.15,118.875,202.792,174.144,106.06,195.786,115.488,99.116,97.965,211.231,154.631,96.5,103.206
126.176,115.003,112.158,115.353,201.476,171.522,106.324,196.449,116.214,99.556,98.234,210.993,154.018,96.065,106.505
123.696,114.242,113.679,117.55,202.946,173.034,106.676,194.72,115.333,100.165,97.911,211.278,153.525,97.828,104.86
123.28,113.525,112.697,117.449,203.576,172.063,106.495,194.797,115.594,99.333,96.479,208.633,156.363,98.701,102.67
121.768,113.091,111.774,116.888,201.217,170.441,104.306,193.662,116.917,99.488,98.347,211.224,154.815,97.836,106.874
121.563,114.173,111.792,116.749,202.715,171.852,105.632,193.779,114.389,98.699,96.16,209.559,151.838,96.036,105.287
122.399,112.89,113.664,117.72,202.866,172.121,106.028,192.942,113.608,98.557,96.203,207.43,153.697,97.764,102.039
123.272,112.834,114.649,118.215,202.614,169.454,103.726,193.277,115.566,99.128,96.854,208.717,153.899,98.152,101.837
121.133,113.72,111.998,115.61,198.519,170.222,103.737,190.58,114.282,99.633,97.642,208.11,152.629,95.788,101.707
123.761,115.219,113.17,116.914,202.19,171.609,105.936,193.31,112.521,97.382,95.609,208.636,153.099,96.117,104.056
121.025,113.029,110.887,116.552,201.596,169.97,105.922,192.392,114.873,99.471,97.3,209.857,153.399,98.45,102.701
124.245,111.619,113.429,119.299,202,171.389,106.158,192.565,114.446,99.75,97.902,209.388,155.032,97.912,105.705
122.972,113.951,113.627,116.698,201.192,170.075,104.46,191.036,115.646,99.598,98.46,209.352,151.707,96.796,104.612
123.051,114.635,111.15,114.905,197.613,167.315,102.567,190.609,117.335,100.504,97.935,208.378,151.443,92.88,103.254
123.43,113.731,113.497,116.559,200.999,170.954,104.842,191.596,113.764,98.615,96.93,207.561,153.986,96.845,102.847
123.868,114.574,113.363,117.675,200.869,170.373,104.242,192.102,114.983,98.116,96.861,206.831,151.314,95.648,105.033
122.886,113.531,112.35,117.028,200.813,170.522,105.586,190.113,114.514,98.259,96.441,206.431,152.747,96.171,103.924
123.341,112.902,111.317,115.665,200.149,170.914,104.92,190.625,114.342,99.863,98.122,208.388,151.467,96.144,103.19
123.166,113.805,113.946,116.092,200.013,170.588,104.194,191.322,115.586,99.015,97.273,206.693,151.191,95.291,103.838
122.744,112.966,113.398,116.976,199.694,169.18,104.118,191.141,112.903,97.884,96.455,207.858,152.61,96.885,105.177
122.895,113.06,112.427,118.468,200.967,171.642,106.221,192.216,114.264,98.674,96.684,207.736,154.998,97.264,105.46
119.431,113.981,113.074,117.785,199.689,170.284,104.576,190.128,115.256,99.527,97.229,208.161,151.041,94.428,103.401
121.257,114.49,114.168,119.288,202.483,171.192,106.395,193.186,115.108,100.704,97.316,207.671,151.842,97.051,103.913
123.411,111.955,114.027,115.584,198.567,169.365,104.809,189.714,114.827,99.099,95.957,206.656,150.752,96.403,103.609
122.626,114.017,112.893,117.877,200.85,170.312,106.215,191.483,113.092,98.156,95.86,206.582,150.705,96.277,102.407
123.185,112.805,113.027,116.013,199.016,167.781,102.851,190.084,113.309,97.993,96.817,207.305,150.843,95.434,104.487
122.881,113.978,111.692,116.939,200.21,170.578,105.924,190.867,114.089,98.863,96.148,206.215,153.324,98.489,103.311
121.632,115.359,113.92,115.819,199.233,170.155,105.765,190.348,113.897,98.594,96.778,208.684,150.843,96.041,104.377
124.369,113.996,113.144,116.275,198.496,168.005,104.262,192.483,115.256,100.688,98.415,208.128,152.66,96.348,103.102
120.054,113.165,111.579,115.797,199.051,168.461,104.91,189.281,114.614,99.606,98.392,208.716,152.968,97.818,104.218
122.235,112.817,111.883,117.932,200.034,170.177,107.398,190.219,114.478,99.224,97.541,208.466,150.811,96.205,102.497
123.282,113.863,111.398,117.048,200.676,171.239,106.168,190.877,113.347,98.257,98.282,207.441,151.674,96.465,103.546
121.062,114.984,113.688,116.613,199.037,169.522,105.893,190.995,113.431,98.076,95.49,206.621,152.688,97.209,103.164
121.206,113.198,113.502,115.642,197.545,165.914,102.409,189.034,113.831,97.371,94.885,206.605,154.592,99.229,103.444
122.073,114.525,116.7,120.302,201.701,170.951,105.214,191.025,115.781,100.435,98.897,208.468,149.859,96.102,102.567
121.045,113.209,111.677,116.543,199.652,168.899,103.678,190.143,114.812,99.899,98.241,207.543,151.346,96.22,102.137
123.551,113.11,113.087,117.964,199.742,169.553,105.5,190.571,115.384,100.113,98.882,208.804,151.265,96.716,101.952
122.169,112.906,110.743,117.518,199.348,170.209,106.524,190.688,114.551,99.248,96.655,206.711,151.825,98.277,102.993
122.703,113.265,110.364,118.033,200.086,170.208,105.369,190.488,114.718,99.569,97.435,208.318,152.511,97.58,103.132
122.087,111.384,112.528,118.254,200.764,170.581,106.482,191.525,113.165,98.158,95.651,206.015,151.648,96.338,101.817
122.95,114.024,113.985,118.314,200.112,169.711,105.426,189.304,113.935,98.181,95.126,206.421,152.677,97.042,102.025
121.849,113.858,111.694,117.827,200.616,171.172,106.391,191.607,115.128,99.166,97.951,207.629,152.397,96.532,105.549
125.416,115.13,112.798,117.551,198.777,168.468,103.579,190.2,115.57,99.764,98.627,205.804,152.208,96.029,101.915
123.359,113.436,113.353,115.637,198.682,167.984,104.621,191.496,116.625,100.62,96.214,206.381,152.306,96.831,104.496
120.255,113.388,112.43,118.065,199.797,169.57,105.275,189.547,115.687,100.412,98.247,207.587,151.305,96.272,104.112
122.219,112.803,112.47,116.519,200.087,169.911,105.755,191.195,114.364,101.3,97.412,207.742,151.751,97.259,103.935
123.992,115.211,113.302,116.76,199.587,168.192,103.977,191.3,114.684,99.465,98.768,208.76,154.039,97.552,103.245
127.322,130.261,126.385,119.794,266.592,219.422,118.767,233.349,142.064,107.121,100.565,302.578,206.912,99.555,119.883
125.157,118.758,122.232,118.597,230.405,190.669,111.354,210.819,128.124,104.037,98.124,249.182,176.761,99.846,108.287
124.936,113.999,116.905,117.309,214.794,177.653,105.6,200.545,120.711,101.786,99.039,226.421,162.327,98.658,105.976
123.419,112.949,114.252,118.418,209.334,175.893,107.141,197.532,118.763,100.825,97.979,216.199,159.107,98.652,104.315
122.921,114.653,112.717,116.187,204.4,171.959,105.476,197.033,116.54,100.113,97.779,213.759,156.556,98.242,104.751
123.442,113.441,112.034,116.839,205.651,172.745,105.388,194.206,116.721,99.977,97.418,212.826,153.905,94.761,104.363
124.762,114.36,114.99,117.578,203.873,173.404,104.851,193.255,115.352,99.972,97.835,211.542,154.083,97.714,104.891
124.057,113.061,111.777,115.692,202.403,171.168,103.366,193.698,114.562,98.739,96.126,212.46,156.037,98.615,104.471
124.052,114.994,113.811,116.669,202.337,170.774,104.684,193.222,113.034,97.685,96.33,209.795,153.069,96.096,103.117
124.87,112.358,111.163,116.035,201.516,169.803,103.446,193.078,114.259,97.073,96.267,208.154,154.66,97.101,105.469
122.476,112.614,113.988,117.153,202.775,170.858,105.169,193.657,113.995,98.659,95.705,208.495,153.757,96.423,104.742
124.761,111.986,112.233,117.338,202.565,172.347,106.433,194.434,116.593,99.866,95.879,209.159,155.95,98.086,103.218
120.473,113.711,113.079,117.48,201.599,170.436,104.386,192.907,115.103,99.324,99.024,210.033,152.944,96.407,102.81
126.244,114.791,112.753,117.332,201.431,171.159,105.255,192.55,114.098,98.455,96.773,206.847,154.094,96.384,103.56
122.893,113.532,113.843,116.879,201.465,171.144,104.171,193.225,115.893,99.687,98.556,210.03,154.03,96.445,104.561
120.623,114.898,113.915,117.559,201.848,170.815,105.263,193.291,115.619,99.414,96.615,208.985,154.815,98.41,103.252
121.135,114.265,113.811,117.112,201.992,171.744,105.344,191.616,114.199,98.161,96.521,207.95,151.817,95.715,103.715
123.632,111.937,110.797,116.136,200.97,172.205,105.853,192.307,114.248,97.896,95.972,207.218,153.139,97.277,106.35
121.75,112.425,112.305,116.677,200.046,171.378,105.859,192.563,113.343,97.45,96.036,205.445,152.11,96.452,104.953
121.781,113.446,111.24,114.453,197.765,166.956,102.499,192.248,115.766,99.799,98.92,208.677,151.591,96.506,104.177
123.089,115.411,114.237,117.14,200.843,169.891,104.493,190.081,114.396,98.634,95.52,206.511,152.61,96.19,103.507
122.13,111.473,113.656,117.437,201.623,171.323,106.46,190.922,115.03,99.505,97.631,209.713,154.576,96.87,102.651
124.154,113.301,112.248,115.629,199.772,169.21,105.247,187.896,114.259,98.881,96.125,207.833,151.52,96.286,104.682
123.012,112.006,114.549,116.962,199.441,170.565,104.46,191.257,113.87,98.574,97.009,207.784,153.753,96.373,101.565
123.089,113.082,111.835,114.868,197.63,167.956,103.004,191.785,114.548,97.557,96.925,207.58,152.555,96.988,104.311
124.122,113.42,113.209,117.083,199.607,170.022,105.916,190.824,116.082,98.686,97.301,208.332,152.941,96.652,105.107
122.804,114.061,113.195,115.301,199.657,168.981,103.536,190.225,114.036,98.515,95.648,206.4,150.941,95.734,102.431
121.091,109.312,111.788,117.19,200.449,169.323,104.279,192.839,115.778,100.542,97.219,206.988,153.899,97.183,102.431
121.52,113.104,110.717,115.81,199.643,170.256,105.938,189.467,113.089,98.87,96.322,208.33,152.452,96.843,103.784
122.305,112.15,111.863,116.966,199.564,169.041,104.218,189.933,112.407,96.977,96.405,206.789,152.387,97.604,102.325
121.156,112.276,111.881,116.574,200.861,169.827,105.83,192.13,113.789,98.548,96.394,206.664,151.32,96.061,102.682
121.238,112.034,111.563,115.983,199.771,168.744,104.306,189.781,116.632,100.874,98.295,209.27,151.086,95.894,102.974
122.193,114.89,111.584,115.756,199.502,168.874,103.976,188.928,113.61,97.887,97.148,208.215,152.534,96.847,103.703
119.822,112.919,112.067,116.455,199.351,170.468,105.453,190.035,113.911,98.719,95.975,206.535,151.696,95.671,102.51
122.976,113.204,111.849,117.311,199.737,169.406,104.647,190.727,114.915,99.316,97.277,206.778,151.602,95.316,102.542
123.471,113.359,112.489,117.818,200.449,170.11,105.361,190.386,114.907,100.133,97.528,208.951,153.203,97.728,102.871
120.895,112.376,111.828,117.342,200.52,168.912,105.126,191.066,112.896,98.163,97.817,206.498,150.437,97.277,103.465
122.069,112.014,111.617,116.49,198.435,168.471,104.231,190.344,113.944,98.68,95.892,206.095,149.982,94.807,105.407
123.491,113.244,112.593,116.555,199.745,170.163,105.878,190.374,115.232,100.293,97.834,206.819,151.3,96.738,105.605
120.574,113.417,112.617,116.281,198.406,169.259,104.025,191.066,114.119,98.362,96.442,205.885,152.137,97.839,103.866
119.081,113.813,111.047,118.6,200.253,172.089,106.844,188.061,114.667,98.74,98.079,208.192,151.103,96.561,102.682
122.792,114.175,110.663,117.855,200.172,170.951,106.036,191.047,114.222,98.838,96.4,206.481,149.724,94.286,105.669
120.891,112.768,110.833,115.899,199.356,170.76,105.064,190.303,113.737,98.013,95.973,204.637,151.081,96.194,103.162
120.155,113.025,112.036,118.592,199.389,169.505,104.259,189.65,112.294,97.363,95.558,207.123,152.731,96.938,104.624
121.749,114.216,111.802,117.753,200.056,170.649,104.259,190.775,114.954,99.982,98.067,207.505,152.001,96.671,104.708
123.624,112.925,112.806,116.879,198.72,168.388,104.133,189.907,115.859,100.848,99.851,208.847,151.978,96.093,102.904
122.642,113.275,111.257,115.698,197.804,169.46,104.396,190.335,112.152,97.271,95.913,206.995,151.29,97.178,102.443
122.105,114.408,111.203,117.097,199.12,169.685,105.311,189.564,114.195,98.992,96.033,206.585,152.544,97.063,104.641
121.126,112.282,111.882,115.145,198.629,169.636,106.131,190.257,113.547,98.493,95.966,206.402,150.707,95.319,103.761
125.478,112.982,111.959,115.168,197.337,166.302,103.831,188.967,115.205,99.44,96.856,205.945,153.932,99.079,104.842
121.916,111.736,112.603,116.501,199.867,170.732,105.508,191.434,115.475,98.14,96.27,205.794,151.867,96.245,104.38
122.02,113.333,110.967,116.928,199.635,169.37,105.611,190.611,114.094,99.056,98.087,207.591,151.208,96.927,103.841
125.703,131.85,131.824,120.99,261.219,233.709,119.03,257.088,141.922,106.969,99.195,305.877,193.385,99.776,126.507
124.862,119.308,125.173,118.783,228.99,198.708,110.795,223.038,128.954,103.301,98.75,256.513,171.45,98.467,116.858
123.843,117.113,119.109,117.382,214.878,181.96,106.343,207.909,120.536,101.448,97.135,226.413,159.093,98.795,110.286
123.479,114.796,116.535,117.158,208.264,175.304,104.228,202.152,116.229,99.682,98.461,218.676,156.542,98.791,107.717
123.301,114.343,112.524,116.873,204.783,174.249,104.765,198.721,116.784,100.206,95.68,214.614,154.309,97.415,105.509
123.752,113.324,114.034,115.21,203.086,171.933,103.836,196.832,115.256,99.498,97.761,211.387,155.457,98.025,103.677
122.71,113.142,111.743,117.032,204.989,172.851,105.884,194.955,115.351,99.773,98.792,211.203,155.617,97.977,108.64
120.857,113.265,112.453,116.626,204.05,173.161,105.722,194.392,115.043,98.701,98.901,211.12,151.776,95.728,104.283
122.208,113.691,111.827,115.104,201.203,171.58,105.758,193.972,115.3,99.507,97.331,210.294,154.087,96.458,102.891
119.118,114.379,114.329,118.02,203.86,173.604,105.681,195.098,115.492,98.545,97.725,209.297,154.506,97.625,106.487
124.502,113.195,111.019,115.033,201.077,169.972,102.537,194.686,114.523,99.387,97.621,209.783,153.922,97.127,103.495
121.069,113.098,109.623,115.491,201.056,171.527,104.229,194.163,116.559,99.817,97.593,208.414,151.931,95.643,107.437
122.52,114.935,112.384,115.976,200.55,170.848,105.021,194.291,115.359,98.416,95.985,208.112,153.187,97.358,107.702
125.506,113.081,111.706,116.062,200.503,171.036,105.152,192.358,116.12,99.589,95.877,208.705,152.073,95.763,105.903
123.325,115.071,112.364,116.738,201.799,171.828,105.052,192.437,112.978,99.01,96.682,210.025,152.547,96.274,105.918
123.952,114.123,112.63,118.295,201.039,170.81,105.406,192.156,114.377,99.131,98.783,209.298,150.518,94.775,104.232
124.307,114.95,111.019,115.271,200.168,170.51,104.111,191.136,115.591,99.937,96.616,207.862,153.033,95.467,106.887
120.527,115.006,115.469,119.254,202.777,173.009,105.569,192.611,115.89,98.811,98.639,207.889,153.75,96.56,102.847
122.861,113.713,110.824,116.118,202.24,170.432,104.518,191.35,115.254,99.947,97.317,208.533,153.277,97.443,101.883
121.917,113.853,113.611,118.026,202.554,171.46,105.433,193.049,114.263,98.521,96.384,207.949,152.54,97.496,105.026
124.74,112.738,113.041,116.687,199.317,169.87,104.382,192.731,114.722,98.503,95.915,207.023,153.85,97.896,104.324
122.03,112.158,112.202,115.905,199.2,169.367,103.621,191.842,114.341,98.04,95.715,207.463,152.619,96.984,105.254
123.895,112.68,112.34,116.944,201.236,169.806,104.546,190.355,112.367,98.643,97.324,209.111,152.251,97.428,105.879
123.781,111.887,111.791,114.435,199.505,169.518,104.898,192.759,117.641,100.534,98.435,208.618,149.931,95.97,104.171
122.843,111.843,112.922,115.46,199.753,169.907,103.591,190.794,114.125,98.15,96.087,207.042,152.202,96.99,103.353
122.019,112.331,110.46,115.488,199.391,168.18,101.862,190.649,112.673,97.205,95.841,206.9,151.887,95.996,105.105
122.773,114.175,111.301,115.456,199.187,169.153,103.51,191.066,114.922,99.42,96.479,207.153,152.283,96.555,103.513
121.675,114.177,111.703,116.474,200.566,171.798,106.242,193.012,116.182,99.577,96.17,207.57,152.813,96.874,103.393
122.631,113.34,111.143,115.546,199.393,168.257,103.503,191.779,113.855,97.586,95.475,206.94,153.421,97.886,106.899
121.704,113.086,114.174,115.571,199.452,169.759,104.732,189.826,111.118,96.79,96.206,207.178,151.61,95.637,107.432
122.537,113.392,112.85,117.988,201.182,170.049,105.438,191.825,113.543,98.037,97.364,208.051,151.669,96.381,103.581
121.229,110.229,110.489,116.463,198.592,169.387,103.25,190.592,114.35,98.899,96.979,206.84,148.547,94.231,103.692
124.202,113.119,116.659,118.663,201.258,170.592,106.333,191.314,113.794,98.161,96.595,204.627,154.132,96.947,104.566
122.675,112.017,113.952,117.964,199.897,170.347,105.778,190.879,114.229,99.187,96.938,206.192,151.958,96.688,104.09
122.076,114.266,112.337,117.024,199.498,169.364,104.148,190.611,113.873,99.551,97.474,206.4,152.337,98.167,101.422
121.673,112.933,112.388,116.351,197.648,168.924,105.045,190.237,114.782,99.744,98.4,206.618,153.958,97.763,103.844
121.363,113.683,111.838,115.972,198.018,167.732,103.482,190.951,114.747,99.928,98.392,206.732,151.338,95.652,102.609
124.136,114.013,114.042,114.956,198.225,167.936,104.107,190.988,111.124,96.659,94.699,205.218,150.932,96.964,102.519
122.823,113.013,111.36,115.923,198.255,168.635,103.609,190.867,115.953,99.489,96.839,205.576,152.099,96.567,102.913
119.946,112.332,112.691,115.033,198.097,168.747,103.813,191.328,113.206,98.16,95.376,205.299,150.684,95.954,102.741
123.128,114.009,114.431,117.475,198.997,169.801,105.453,189.587,115.638,99.423,98.566,208.236,150.481,96.1,103.277
122.17,112.135,111.836,116.997,198.789,168.822,105.453,188.811,111.937,97.283,96.426,205.473,153.498,98.178,104.156
121.814,112.085,110.03,116.694,199.621,168.715,105.227,190.817,116.316,99.253,96.333,206.398,150.545,95.792,103.607
123.277,113.767,113.139,117.092,198.253,169.113,104.524,189.877,113.589,98.514,96.54,206.144,152.113,96.082,103.868
119.851,113.816,110.776,115.019,198.949,168.372,103.211,189.887,113.452,98.844,96.089,204.562,151.713,96.048,101.5
119.088,113.922,110.195,118.599,200.475,170.564,105.827,189.3,114.749,98.761,96.648,205.269,150.756,96.02,102.423
122.116,110.6,111.755,116.542,198.86,168.237,104.121,189.788,112.393,96.895,97.316,207.002,149.025,95.161,103.732
122.38,112.517,111.619,117.495,198.893,169.915,105.352,189.334,114.545,98.695,95.877,205.809,148.104,93.272,101.604
122.69,111.725,108.281,112.195,195.748,166.998,102.653,188.214,113.597,98.936,97.653,206.494,150.703,96.767,104.553
123.811,112.704,111.78,116.125,198.137,169.379,103.534,189.656,113.971,98.962,97.101,206.135,151.149,97.69,104.381
122.986,115.179,111.426,115.57,198.222,167.895,103.605,188.976,114.682,100.595,98.547,207.597,151.449,95.575,103.636
123.087,131.881,130.951,120.508,251.457,202.283,121.646,240.867,134.785,104.913,95.975,300.269,209.113,99.405,119.149
122.718,119.661,124.79,115.704,222.159,180.932,112.387,214.48,126.516,105.358,101.195,256.061,180.486,99.115,113.455
122.858,113.446,120.13,116.508,210.196,173.902,106.766,203.051,118.946,101.105,96.462,225.253,164.278,98.673,108.197
121.798,112.671,116.345,114.912,204.435,170.056,103.311,197.769,115.794,99.054,96.758,216.159,155.305,95.224,105.345
122.012,113.076,114.091,116.36,204.596,170.032,103.238,194.127,114.539,98.334,95.215,209.967,153.839,95.301,104.305
118.943,114.269,114.408,116.031,202.245,170.262,103.634,193.75,113.4,97.991,96.302,209.823,154.932,96.034,104.865
122.959,115.22,111.945,116.447,201.203,170.767,104.791,193.299,113.693,98.161,96.651,209.845,153.745,96.286,104.465
123.585,113.148,110.945,116.405,200.313,170.588,103.501,191.39,114.116,98.633,97.371,209.376,153.386,97.224,103.592
121.955,112.149,114.997,117.257,202.38,169.868,103.858,192.76,113.233,97.818,96.041,208.531,154.485,97.189,102.948
122.003,114.211,110.883,115.357,200.997,170.677,104.311,192.865,115.311,98.866,98.098,208.65,151.654,94.913,101.963
124.179,112.895,111.616,116.248,200.848,169.133,103.798,190.952,114.131,99.282,96.972,209.036,152.093,96.556,102.01
120.873,113.899,111.979,114.621,200.57,170.077,103.922,191.396,113.304,97.928,96.547,207.38,149.41,92.937,103.949
121.05,114.661,112.043,116.715,200.922,170.291,103.923,192.463,113.169,97.612,96.661,208.638,152.951,96.593,101.73
123.187,113.887,112.091,116.476,200.752,169.805,104.959,190.172,110.536,95.655,93.652,205.38,151.137,95.748,101.76
121.198,114.45,110.547,115.171,199.626,169.399,105.387,192.924,114.16,98.88,98.521,208.913,153.511,97.152,104.354
121.419,111.893,113.194,115.35,199.166,168.902,104.286,190.991,114.887,98.197,95.453,205.943,151.016,96.158,103.742
121.479,114.307,112.103,118.647,201.408,169.736,105.805,190.558,113.513,97.678,96.022,207.401,152.458,96.192,103.186
121.015,112.293,110.97,115.713,198.354,169.852,103.607,189.748,113.311,98.499,96.367,207.012,151.478,97.359,102.918
121.578,112.232,113.281,117.098,200.086,169.659,105.818,190.077,112.967,96.842,94.876,204.452,150.109,93.452,100.442
120.845,111.978,111.143,115.808,198.403,168.278,105.072,190.586,117.559,101.681,98.184,206.399,152.295,95.65,103.886
120.878,112.875,111.911,115.747,200.045,168.878,104.272,189.561,113.269,98.231,96.232,205.106,152.203,95.617,103.465
122.432,114.65,110.123,116.33,198.545,168.446,104.465,190.74,114.086,98.533,97.261,207.593,151.447,95.905,102.642
124.543,113.875,114.469,117.284,199.816,168.527,104.673,190.506,114.131,99.264,96.557,206.113,150.45,94.645,104.161
120.952,111.7,110.408,115.937,198.187,168.244,103.46,189.282,112.765,98.335,97.272,205.638,152.54,97.088,102.685
120.328,113.018,112.384,115.89,198.248,168.252,104.562,189.148,114.025,98.337,95.578,206.18,150.872,94.328,103.03
122.376,112.595,110.616,115.017,198.492,168.872,103.881,190.264,114.237,99.01,96.849,207.725,148.927,95.13,102.956
121.372,113.718,114.356,116.593,198.217,167.395,104.515,191.111,114.294,98.815,95.805,205.086,152.937,95.743,104.045
121.659,113.63,110.514,115.457,198.457,168.896,105.038,189.37,112.923,97.669,95.496,206.511,150.548,96.012,102.227
120.956,113.004,110.078,116.053,198.406,169.101,104.071,190.333,113.354,97.894,95.308,203.84,152.346,96.907,102.51
121.079,112.881,109.671,114.613,197.333,169.443,103.801,191.217,113.29,98.051,96.259,206.26,154.013,97.052,101.736
121.524,110.64,111.929,117.6,199.079,168.651,104.629,189.666,113.782,97.457,96.051,205.232,151.905,96.283,105.522
122.196,112.505,111.073,116.393,198.914,168.854,104.188,191.438,110.914,96.151,95.608,204.133,151.96,96.599,102.74
123.037,114.644,111.5,116.415,197.89,168.172,104.173,191.714,112.482,98.058,96.234,206.197,149.424,94.835,102.949
119.069,114.386,112.399,117.668,199.697,169.065,104.681,190.078,113.669,98.795,96.089,206.612,152.322,96.81,106.132
122.544,110.932,111.795,114.363,196.814,168.011,102.563,189.957,112.752,96.949,96.037,205.283,152.66,96.879,102.218
121.821,112.854,109.576,116.917,199.342,169.766,106.25,189.789,112.585,98.174,96.032,206.089,150.639,95.697,100.946
120.695,113.673,112.192,114.835,197.111,166.751,102.634,189.74,112.749,98.219,98.015,206.908,151.722,97.197,102.269
122.622,112.382,112.532,116.688,198.084,168.426,105.08,188.683,113.811,98.771,97.345,206.678,150.792,94.638,102.079
124.034,113.478,111.047,117.446,199.318,169.254,104.075,190.996,115.31,100.196,98.136,208.148,151.809,96.612,104.398
122.226,112.835,110.332,116.126,196.69,166.299,101.73,188.711,115.116,99.18,98.141,206.427,150.5,94.449,105.085
121.726,114.273,111.705,115.532,198.859,167.118,104,189.257,111.977,97.971,96.658,206.734,150.601,96.007,100.908
118.728,113.099,110.328,115.874,198.951,168.207,104.799,187.894,113.915,98.495,98.329,206.68,151.8,98.276,103.446
123.038,113.001,110.958,116.203,198.295,167.37,103.487,188.888,112.596,98.024,96.521,205.457,150.477,95.472,102.82
121.865,113.941,111.614,115.811,197.6,169.017,103.171,189.765,112.995,97.997,97.326,205.248,149.005,95.297,102.111
122.308,114.22,110.688,114.455,197.265,169.912,104.008,189.179,113.995,98.229,96.803,205.09,152.469,98.086,101.881
120.308,111.629,112.485,115.702,197.879,169.206,103.222,189.185,114.683,99.408,98.229,206.635,151.321,96.664,102.79
123.051,114.404,111.24,115.626,198.575,168.891,104.643,189.387,115.13,99.334,97.475,205.493,150.687,95.718,103.314
118.7,111.655,108.895,115.341,197.282,169.578,104.492,188.264,111.988,97.281,96.118,204.334,152.399,97.155,101.73
122.142,111.86,111.626,115.63,198.391,168.166,103.528,188.938,113.05,96.754,94.648,203.265,150.591,95.667,104.733
121.864,112.544,109.944,116.353,197.709,167.479,104.311,189.294,114.199,98.601,96.616,205.106,151.837,95.956,102.807
121.047,110.951,110.461,115.72,196.809,168.479,104.349,189.442,114.405,98.86,97.878,206.504,150.565,95.418,103.866
120.673,111.05,111.349,115.13,196.865,168.727,103.95,189.429,114.559,99.26,97.43,205.072,150.064,96.105,101.613
120.476,115.115,110.123,115.169,198.269,168.91,104.483,189.219,112.382,96.8,95.543,204.264,151.802,97.354,103.939
122.991,111.394,111.543,116.489,199.217,169.513,103.975,189.785,112.872,98.293,97.278,206.876,152.577,96.354,102.495
119.521,112.492,108.589,115.983,197.884,167.676,103.082,190.26,112.268,97.099,96.456,204.739,150.735,95.425,102.45
125.658,132.311,129.35,117.059,241.556,205.011,115.156,236.298,135.475,107.667,99.795,290.789,211.947,99.92,121.505
122.724,116.943,120.894,118.303,219.361,185.083,110.467,213.066,121.094,100.769,93.606,243.203,179.161,98.304,113.368
121.995,113.924,117.722,117.051,207.73,175.424,105.547,201.12,115.417,100.407,97.69,223.296,162.565,95.775,107.964
123.425,112.756,113.323,115.191,204.051,171.654,104.275,199.073,115.854,100.336,97.525,215.062,158.577,97.197,103.032
123.507,112.006,113.19,118.4,204.48,173.094,105.435,194.418,113.499,98.234,96.548,209.835,158.076,96.972,105.127
120.446,111.397,113.035,115.87,201.628,170.315,103.136,194.537,115.892,99.38,96.938,208.397,155.693,97.373,105.317
121.278,112.87,112.375,116.325,202.466,171.546,104.401,194.806,114.012,97.672,94.993,207.618,152.42,95.118,102.124
119.88,114.024,112.85,116.958,201.94,171.971,104.586,193.33,113.485,96.583,94.467,207.124,153.134,96.493,102.901
121.767,113.488,112.1,116.108,201.025,169.27,105.027,194.333,114.608,100.287,98.843,208.536,152.494,96.176,100.762
119.756,112.358,110.938,117.105,201.427,170.495,104.432,193.852,116.167,99.547,97.221,209.134,154.306,96.967,102.635
121.979,112.289,111.119,115.143,200.679,169.769,103.284,190.627,113.536,98.424,98.177,208.788,154.143,97.696,102.204
123.588,112.858,112.753,116.484,200.308,170.396,104.661,190.544,111.145,97.547,96.608,206.886,151.881,94.513,103.287
122.543,115.023,111.765,116.963,201.266,169.387,104.954,190.87,113.187,97.9,95.552,206.922,151.4,95.488,104.764
123.575,112.557,108.953,116.617,200.662,170.605,104.666,191.563,114.85,98.87,97.755,207.036,153.089,95.868,103.528
122.075,113.837,110.726,115.424,198.558,168.396,103.216,192.102,112.391,96.551,94.33,205.281,153.021,95.677,102.192
120.106,112.429,110.563,115.673,199.623,168.814,103.735,191.615,112.867,98.878,97.335,206.297,149.79,94.501,103.548
121.932,111.69,110.671,115.382,199.241,169.102,103.862,189.777,112.956,98.079,95.404,206.177,151.571,94.152,103.567
120.953,111.805,112.794,117.303,200.565,169.555,104.408,190.294,113.543,96.914,95.241,206.507,152.515,95.403,102.325
122.006,111.872,110.146,116.199,198.603,168.442,103.082,190.679,113.748,98.617,96.306,206.303,152.114,96.966,106.09
123.394,113.114,109.682,115.026,198.017,169.914,103.666,191.827,114.915,99.872,97.438,207.179,153.599,97.101,102.434
119.54,113.907,110.87,115.615,198.199,168.729,104.384,189.353,110.399,96.641,97.903,206.628,152.951,95.394,102.48
121.67,111.356,110.008,118.674,200.481,170.619,105.619,191.842,112.79,97.138,94.322,205.006,152.59,95.082,103.071
121.53,112.066,110.314,115.061,197.384,167.467,103.13,193.147,113.307,98.666,97.274,206.901,152.402,96.269,103.144
120.457,114.767,112.318,117.371,200.033,170.282,104.014,190.442,114.011,98.58,96.86,205.171,151.199,94.408,103.207
120.606,111.137,112.754,115.744,199.098,166.915,104.579,191.277,114.849,100.041,98.827,206.789,150.547,94.887,105.611
121.575,112.945,108.831,117.94,199.828,170.566,104.629,188.93,113.576,98.901,98.933,207.098,151.259,96.497,103.514
120.377,112.897,111.623,116.281,199.093,169.115,104.378,187.835,116.172,100.847,97.5,205.527,150.828,95.509,105.224
121.576,112.875,109.314,113.957,196.912,167.176,103.185,188.25,111.421,97.178,96.665,205.523,151.565,95.933,103.526
124.15,112.125,110.438,116.394,198.195,168.261,102.898,190.186,113.667,98.906,96.975,205.331,151.607,96.456,102.226
120.291,114.651,109.212,113.458,194.964,166.995,103.632,188.839,113.711,99.577,98.684,207.347,149.01,95.012,101.659
120.485,110.225,111.771,115.687,199.035,168.664,104.989,190.246,112.343,96.995,95.83,206.975,150.794,95.117,104.572
121.304,111.616,111.284,114.867,196.865,167.923,102.279,190.877,113.781,98.367,97.611,205.418,150.674,94.53,102.237
123.666,110.714,110.276,114.457,198.181,167.604,103.414,189.79,113.464,98.144,96.491,205.455,148.976,94.885,101.963
122.364,113.644,110.925,116.4,198.881,169.434,105.258,188.779,112.414,97.883,95.994,205.097,150.666,94.761,103.886
120.884,112.468,111.824,114.889,197.755,167.327,102.412,191.558,113.146,96.983,94.912,204.87,151.659,97.154,102.508
123.311,112.904,111.837,115.23,196.62,167.007,103.182,190.33,112.264,96.827,95.355,204.634,148.223,94.696,101.819
120.509,111.341,110.918,116.267,199.389,169.377,104.577,189.589,112.594,97.101,95.637,204.41,151.73,96.817,102.583
121.234,113.177,111.893,117.065,199.36,169.597,104.136,188.733,112.475,97.795,96.381,204.886,150.79,97.616,102.785
124.305,112.962,110.607,116.499,197.976,168.349,104.127,189.787,113.138,97.89,96.708,205.392,151.076,95.108,103.398
119.31,111.356,110.719,116.266,197.688,169.009,103.959,187.386,112.411,97.582,96.052,205.154,152.008,95.55,100.721
121.325,110.844,109.17,113.465,196.962,166.983,103.805,189.707,112.97,98.209,96.685,206.184,150.018,95.42,102.978
121.958,112.102,109.539,114.608,197.105,167.8,103.498,189.525,112.795,97.926,97.065,207.287,148.531,94.734,102.939
120.478,112.367,111.849,116.535,197.853,167.64,103.312,191.082,114.271,98.194,96.559,205.001,152.399,96.796,102.994
120.692,111.83,109.771,113.636,196.091,165.343,102.575,189.75,113.362,97.827,95.888,204.382,151.575,95.62,104.053
123.626,114.148,112.091,115.383,197.597,168.086,102.76,189.704,115.582,100.394,97.976,206.562,153.344,96.192,102.886
118.307,111.771,109.345,115.26,197.148,168.567,102.899,187.965,111.155,97.622,95.964,206.196,149.336,94.969,100.638
121.033,113.677,110.754,116.887,199.119,168.813,104.151,188.995,110.602,97.092,94.676,204.735,150.185,94.192,102.083
117.922,114.277,110.467,116.212,198.789,168.193,104.256,188.727,114.655,99.988,97.884,205.746,150.557,95.337,103.018
122.972,108.185,111.872,114.654,195.673,164.808,100.523,189.162,113.885,98.16,95.896,204.826,148.431,92.694,102.333
120.169,112.8,112.382,114.819,198.253,167.757,103.132,187.449,112.729,97.812,95.092,204.28,149.748,95.047,103.148
120.522,111.87,110.71,112.766,194.789,165.261,101.165,189.672,114.473,98.462,96.615,204.97,151.815,95.577,103.051
120.279,111.767,109.195,118.984,201.059,171.207,105.947,188.827,113.049,98.196,97.362,206.168,149.1,94.715,104.346
120.384,112.794,111.439,116.569,198.519,168.723,104.167,188.683,112.222,97.644,96.288,204.763,151.208,96.322,102.616
119.643,112.302,107.608,114.618,196.775,167.79,103.936,189.297,111.436,97.083,93.778,204.515,150.839,95.748,101.77
121.694,113.928,110.943,115.257,199.152,168.353,103.428,191.252,114.006,98.41,94.297,204.466,149.48,94.704,100.605
121.292,112.101,111.518,116.682,198.836,169.639,105.121,189.882,113.649,98.014,96.357,205.498,153.65,98.128,101.901
119.99,112.011,112.266,116.459,197.122,166.812,103.786,189.463,114.595,99.323,98.464,207.395,149.267,94.807,103.197
121.033,112.085,110.864,116.439,197.913,168.999,103.607,188.856,115.836,100.664,98.757,207.869,151.48,96.424,101.466
121.717,112.393,111.323,116.926,200.623,170.562,106.181,187.542,112.002,96.716,94.284,205.002,152.26,95.332,104.022
120.839,113.456,112.694,116.204,197.614,168.777,104.994,190.802,113.388,98.281,96.73,206.561,150.434,92.924,102.199
119.518,112.81,110.208,115.88,197.611,167.861,103.346,188.242,113.162,97.052,96.207,205.46,150.254,94.706,103.561
118.318,111.709,111.574,116.941,198.806,170.071,104.146,189.112,113.525,98.209,96.524,204.695,150.93,94.92,101.55
121.184,111.845,111.921,115.148,196.947,168.244,104.245,187.472,113.718,97.728,96.221,205.111,151.701,96.349,101.991
119.911,112.726,111.85,114.982,198.3,169.002,104.532,189.444,114.321,99.769,98.658,206.375,152.358,97.245,101.651
122.093,113.726,110.754,115.072,196.748,167.654,103.165,190.242,113.513,97.418,95.72,205.312,151.145,97.884,103.716
120.756,113.646,111.754,116.204,198.758,168.756,103.349,189.26,113.643,99.127,97.835,206.646,150.592,96.152,102.434
121.232,111.571,111.749,118.01,199.259,169.171,103.163,189.585,112.013,97.026,94.697,205.97,148.873,93.386,99.527
120.664,111.209,111.467,115.596,198.447,167.995,103.427,188.044,112.162,97.337,96.154,205.881,151.214,96.664,102.101
119.863,112.41,112.279,117.546,199.347,168.797,105.243,188.738,113.802,98.161,96.975,204.404,151.153,97.042,102.31
121.265,111.662,109.498,116.304,198.385,167.797,104.52,189.193,114.038,98.606,96.275,204.779,151.676,96.869,104.221
132.305,131.5,128.807,120.794,251.767,240.217,121.074,224.821,139.64,103.849,96.358,298.335,200.149,101.611,121.646
122.855,117.835,126.338,119.219,223.367,204.774,113.451,205.55,131.547,103.233,97.574,254.874,172.958,97.11,113.926
124.05,115.012,119.495,115.731,208.876,181.216,106.666,196.471,121.706,100.238,96.887,223.304,160.117,97.202,108.227
121.895,112.912,115.442,115.712,203.906,175.507,105.626,194.268,118.453,100.446,99.332,216.608,154.125,95.506,105.457
123.782,113.989,113.275,114.995,200.396,171.791,102.509,193.103,113.291,96.604,95.497,211.387,155.372,96.637,105.702
123.931,114.851,110.199,116.038,202.241,171.182,103.916,193.423,113.845,97.787,96.586,210.549,153.152,95.329,104.748
121.441,112.619,112.837,117.614,202.964,173.857,105.912,192.02,114.604,98.549,96.82,209.481,150.509,94.396,103.18
123.473,113.363,112.522,114.914,199.693,171.153,104.521,192.313,116.873,100.174,97.14,208.358,152.13,95.706,105.264
121.66,112.701,110.028,116.37,200.482,172.797,104.7,190.852,114.602,98.9,97.387,208.723,154.052,96.343,102.257
123.617,114.595,111.029,116.847,201.152,171.529,105.719,192.572,114.436,97.723,96.435,207,152.759,97.744,101.872
121.179,112.074,110.281,114.012,198.682,169.31,103.675,191.544,113.73,98.605,96.193,207.781,150.671,95.259,104.493
120.956,111.794,112.688,115.858,198.99,170.801,103.939,190.98,113.68,98.767,96.223,206.488,152.345,96.262,102.932
122.672,110.839,110.502,115.215,199.058,169.502,102.172,189.898,114.388,99.527,99.222,207.25,153.377,96.261,103.126
120.34,111.597,111.472,116.126,199.503,169.468,103.045,189.147,112.992,97.188,94.954,206.784,154.142,96.791,101.366
119.8,113.1,111.063,115.557,199.478,170.542,105.769,189.412,113.71,98.26,95.679,206.703,150.915,94.532,103.037
121.515,112.062,112.27,116.193,200.535,169.322,104.625,190.48,114.082,98.099,97.167,206.199,152.416,96.335,103.763
121.781,111.693,109.498,114.55,198.594,169.667,103.18,189.981,111.753,96.736,96.354,206.128,151.208,94.766,101.813
120.723,113.852,112.739,114.974,199.025,168.779,103.692,190.748,113.199,96.571,94.741,206.727,149.733,95.518,103.893
120.642,112.495,109.463,113.035,196.358,168.275,103.324,191.198,113.551,98.468,95.747,206.369,152.815,96.194,104.088
121.947,113.16,112.212,116.673,199.264,169.63,105.407,188.18,112.759,95.296,93.411,203.54,153.355,97.918,101.888
119.537,115.433,108.793,115.82,198.492,170.453,104.08,191.966,113.606,99.891,98.407,207.193,150.895,96.716,105.016
121.107,111.842,108.9,116.255,198.003,170.312,104.612,190.97,113.2,97.383,96.392,205.632,151.944,96.271,102.155
120.813,112.188,112.387,115.995,199.021,169.159,103.102,190.419,113.114,97.558,95.8,204.008,149.602,95.641,100.65
119.752,112.513,110.681,113.583,197.08,167.764,104.6,188.123,111.409,96.451,96.434,205.607,151.705,96.903,102.881
120.458,111.538,110.128,117.141,199.836,170.033,105.335,189.108,114.249,96.448,94.37,204.044,148.971,94.307,101.824
119.244,111.016,113.314,114.695,195.945,166.596,101.57,189.881,113.365,98.21,97.646,205.961,149.783,94.348,102.423
123.132,110.505,110.876,116.4,199.48,169.146,104.558,189.199,114.138,98.773,96.66,206.568,150.311,95.592,101.182
120.503,113.013,110.731,113.901,197.601,167.991,102.908,190.406,113.958,99.626,98.691,207.716,149.034,94.024,103.889
122.449,111.812,111.447,114.253,197.203,166.186,101.359,188.134,113.082,97.404,95.861,204.768,150.034,94.746,103.599
123.346,113.565,109.876,115.867,199.091,169.431,103.951,188.042,113.661,97.468,96.297,205.119,151.252,95.974,104.172
121.583,111.799,110.703,117.254,199.805,169.431,104.109,187.847,112.824,97.499,95.396,206.179,150.006,95.188,103.165
121.016,113.213,108.839,114.449,197.905,167.115,103.432,191.768,113.574,98.518,95.873,205.473,150.797,96.274,103.475
122.24,112.019,110.589,114.208,197.503,167.463,102.531,189.07,113.536,97.7,94.301,203.93,151.594,95.145,101.322
121.118,113.933,110.623,113.802,196.401,166.438,101.762,189.914,111.014,95.825,94.637,206.485,149.994,95.085,102.439
122.415,111.878,110.91,116.408,199.155,169.153,104.921,189.653,116.059,99.943,99.16,208.336,149.644,94.114,102.509
121.938,112.77,110.5,115.517,197.322,169.446,105.009,189.167,113.224,98.296,97.973,207.834,152.168,96.748,104.101
123.045,112.274,110.792,114.782,197.024,168.414,104.064,190.023,113.036,98.942,96.316,205.429,149.504,95.99,101.308
121.358,112.4,110.956,115.339,196.866,167.554,104.66,188.301,111.549,96.705,97.157,204.789,149.426,95.487,102.854
121.515,110.682,111.408,115.971,199.085,168.893,104.836,186.39,115.201,98.246,97.16,205.153,150.692,97.034,103.132
118.78,112.678,109.033,114.9,196.661,167.611,103.516,189.374,110.461,95.697,95.672,203.216,151.241,96.26,103.065
121.522,112.654,109.82,116.079,198.932,167.584,102.69,190.223,113.504,98.881,97.174,205.878,151.188,95.535,101.72
122.349,113.271,110.656,115.991,197.245,168.465,103.174,189.205,113.881,96.988,95.744,202.651,150.496,93.791,104.365
118.648,112.237,111.957,114.889,198.276,169.725,104.849,189.203,114.463,100.014,96.495,204.934,149.918,94.906,99.957
120.985,111.045,108.789,115.478,197.805,166.962,103.452,188.56,112.903,97.693,95.642,204.26,150.129,94.853,101.675
118.022,111.613,109.615,116,197.655,168.186,104.03,188.023,112.902,98.001,95.29,205.783,150.637,95.205,102.393
120.357,112.651,110.833,115.285,196.614,168.002,104.338,187.823,111.803,97.477,97.127,205.803,152.642,96.875,101.391
122.13,112.327,109.743,112.91,194.737,166.366,101.955,188.327,111.012,96.871,96.539,205.198,150.949,96.662,100.847
122.524,114.093,109.669,114.755,196.413,166.917,103.455,188.212,113.866,98.424,98.032,207.225,150.043,94.729,103.118
121.25,112.932,109.058,115.705,197.747,167.18,102.513,189.541,111.605,97.179,96.65,205.295,147.918,93.842,102.54
119.813,112.101,111.285,116.374,197.764,167.767,104.797,188.705,112.726,97.628,97.941,205.003,150.9,96.465,102.836
121.91,111.661,111.507,115.086,198.203,166.993,103.279,185.975,112.906,96.91,95.774,205.189,151.014,96.123,101.791
121.363,114.198,110.515,114.332,195.781,166.226,103.352,187.63,112.303,97.771,97.21,205.5,150.92,95.221,99.082
121.021,114.632,109.378,114.836,195.987,167.231,103.176,188.287,112.4,97.867,97.284,206.256,148.983,94.701,102.561
122.684,113.216,111.812,117.089,199.497,169.68,104.205,189.636,113.82,98.496,95.649,205.21,151.755,96.195,102.763
122.21,112.071,111.83,115.403,197.983,167.418,104.492,188.112,112.51,97.468,94.792,203.789,150.527,95.513,102.099
121.846,112.009,111.323,114.231,197.203,166.863,102.929,189.583,111.296,95.97,94.165,202.612,149.304,94.518,102.065
121.777,112.038,111.666,115.594,198.39,166.844,103.602,189.673,112.456,96.674,95.337,203.996,148.017,92.669,101.859
119.147,111.14,111.909,117.211,199.802,169.634,105.538,186.137,110.498,97.634,96.479,205.707,151.288,95.003,102.77
119.378,111.826,112.101,114.375,196.123,166.299,102.969,188.12,111.941,95.558,94.608,204.314,150.855,97.085,100.661
123.6,112.473,110.965,115.554,196.926,167.715,103.837,189.245,113.664,98.285,96.011,204.851,150.642,94.291,103.036
119.139,111.812,110.402,116.381,198.143,168.883,104.265,189.781,112.938,98.678,96.6,205.144,148.057,93.708,102.218
125.109,128.189,124.207,117.825,234.284,219.696,116.459,234.784,133.692,104.412,97.98,294.781,193.292,100.906,117.863
123.517,120.35,125.787,118.092,219.42,206.12,112.228,220.058,129.547,102.184,96.034,266.499,178.342,100.181,119.542
123.172,114.502,121.008,118.258,207.735,185.947,107.816,206.539,121.922,102.328,97.616,231.406,163.463,99.105,109.592
121.483,114.241,115.756,116.422,203.103,175.692,105.103,196.856,114.435,98.197,95.78,217.075,155.187,96.263,105.678
120.454,112.225,114.098,115.209,198.994,171.401,102.157,194.357,114.396,97.885,96.759,212.216,153.525,95.574,105.03
119.898,115.108,112.625,115.639,200.323,171.62,103.645,194.129,113.596,98.071,95.013,207.578,153.64,96.761,104.916
121.974,111.477,111.782,118.121,201.048,172.005,104.073,192.412,114.303,98.54,96.104,208.483,152.815,95.641,103.409
121.785,111.654,111.745,114.042,198.99,169.73,103.192,192.892,111.997,97.837,96.102,207.68,152.424,95.309,102.881
120.449,111.917,112.214,115.903,198.944,170.435,104.284,191.242,112.211,96.996,95.478,206.63,153.218,95.873,101.751
121.772,113.55,111.318,115.194,199.74,171.277,104.189,191.712,112.001,97.789,95.909,207.279,153.323,96.415,102.324
123.218,111.942,110.415,114.438,198.126,169.134,102.156,192.174,114.411,98.828,96.286,206.987,151.222,96.039,103.759
122.847,110.084,110.012,114.142,197.863,168.744,102.568,192.925,116.022,99.779,94.744,207.57,153.367,96.084,103.427
119.144,112.318,110.763,115.244,199.323,168.197,103.203,191.209,110.722,97.143,95.69,206.678,151.894,96.199,101.445
121.353,112.369,110.537,115.432,198.372,168.238,103.339,190.947,110.321,96.07,95.694,205.477,151.244,96.4,104.862
120.065,114.8,110.864,115.814,198.187,169.712,104.512,190.661,114.035,98.61,99.174,206.36,150.81,95.512,103.235
119.878,111.142,109.319,115.496,198.464,168.82,104.665,191.129,112.546,97.233,95.885,203.131,152.397,95.447,102.535
121.317,111.498,109.887,116.07,199.45,169.241,103.866,191.14,113.491,98.079,96.416,207.506,151.901,95.747,103.771
120.643,111.132,110.721,115.326,198.879,169.062,104.12,190.77,112.682,98.561,95.472,207.457,150.753,95.574,103.588
120.79,113.164,109.251,114.889,197.189,168.529,102.244,189.589,113.702,97.203,96.536,206.102,152.311,95.453,102.992
121.647,110.317,110.143,116.393,199.619,170.14,103.852,191.777,113.614,97.472,96.18,206.39,152.609,97.202,102.921
119.44,111.611,109.977,117.678,199.991,170.059,104.549,187.396,111.384,97.094,95.756,204.737,151.625,97.283,102.899
120.436,111.058,111.478,115.493,197.571,168.237,102.99,192.181,111.991,98.095,95.612,205.975,151.699,94.357,103.238
121.004,111.757,108.717,115.017,197.931,168.849,102.835,188.856,113.267,98.482,97.402,204.703,153.014,95.835,102.358
119.871,111.732,109.863,114.14,197.515,168.433,102.338,190.758,113.646,98.678,97.814,207.014,151.778,95.889,101.45
121.368,112.582,110.073,116.233,198.388,168.505,103.41,191.056,113.715,99,96.767,206.428,150.586,95.843,101.813
122.757,112.049,109.627,116.394,198.589,167.918,103.621,188.416,111.369,98.135,97.869,207.631,151.562,96.495,99.826
122.597,112.233,109.802,117.131,197.997,169.559,103.463,189.538,111.937,96.784,96.122,206.156,151.376,96.17,100.894
121.334,112.12,110.766,116.051,197.809,168.227,103.078,188.608,113.262,99.162,98.053,206.644,152.962,96.477,101.569
119.698,111.433,109.771,115.15,198.013,167.223,104.231,189.959,112.983,96.796,94.888,205.941,150.901,96.958,101.433
120.048,111.818,110.813,115.46,197.427,169.387,104.378,189.844,114.506,99.484,97.434,204.403,150.326,96.202,104.796
121.181,112.24,109.81,114.549,197.223,168.401,104.837,189.684,111.998,97.366,96.961,207.366,150.444,94.98,102.69
119.495,113.462,112.239,115.811,198.164,166.721,103.781,187.558,111.884,97.417,96.348,204.69,152.539,96.356,102.338
122.372,111.758,110.43,116.302,197.74,169.082,104.222,190.104,111.889,98.496,95.788,205.723,153.295,97.614,101.772
121.862,110.9,111.845,117.089,199.204,169.351,104.927,187.384,114.07,97.183,94.938,204.659,149.656,94.884,101.677
120.901,111.679,111.31,115.558,196.771,169.183,104.807,189.197,113.044,97.159,97.365,205.788,151.208,95.315,100.584
119.491,111.503,110.242,115.545,197.195,167.247,101.571,186.67,110.927,95.787,93.544,202.479,152.513,97.304,101.296
122.533,111.855,110.822,115.667,198.376,168.322,104.261,187.479,113.078,97.872,96.093,205.754,152.539,96.508,105.269
119.561,111.595,110.031,113.481,196.065,165.751,101.453,188,111.761,98.111,96.291,205.014,151.984,96.356,102.588
122.226,114.07,110.387,117.42,199.26,170.224,104.561,189.807,112.191,97.712,96.82,204.68,152.922,96.651,102.46
119.596,111.336,110.679,113.504,195.809,166.018,101.959,189.089,112.907,97.455,94.161,204.275,152.43,95.1,101.676
121.061,112.479,110.697,116.392,198.832,168.298,104.261,189.754,113.604,97.942,96.42,205.119,152.444,96.077,101.754
121.991,111.356,108.862,115.473,196.77,168.474,104.626,186.193,111.298,96.513,96.565,204.782,149.555,93.907,104.187
121.096,112.463,108.695,114.762,196.883,168.095,102.925,188.711,112.791,97.096,95.657,202.48,151.203,96.423,102.08
120.467,114.409,109.426,114.405,196.717,166.282,101.902,189.823,110.299,96.429,95.27,205.337,152.53,97.768,102.999
120.258,114.12,109.085,114.558,196.569,166.246,102.494,188.384,112.407,96.672,95.103,204.542,151.254,95.554,102.261
121.232,112.555,109.469,116.109,197.935,167.914,104.708,188.808,113.649,98.621,99.562,206.353,149.78,94.715,100.035
120.843,112.914,106.688,113.511,195.319,165.655,101.418,187.818,112.161,97.428,98.14,205.912,151.792,96.459,101.469
120.707,109.96,108.438,115.469,197.399,167.687,103.191,187.39,112.977,96.595,96.698,204.542,150.41,94.832,102.683
118.973,110.708,109.518,115.643,197.586,167.437,103.313,189.752,110.936,96.302,95.536,206.12,149.828,93.959,103.057
119.418,112.234,110.233,114.875,197.064,168.156,103.867,189.162,114.328,98.81,96.797,205.953,150.357,94.966,101.908
123.942,113.25,109.322,115.259,198.701,168.086,103.821,188.837,112.331,96.456,96.225,204.51,151.839,96.757,104.89
120.756,110.496,112.303,118.028,199.408,170.323,104.153,188.219,113.456,98.329,96.832,205.571,149.909,95.549,102.24
120.566,111.366,110.476,115.611,198.632,169.28,103.617,188.843,112.938,98.469,96.58,207.345,150.177,96.586,103.294
121.165,112.844,110.277,116.975,200.557,168.339,104.037,188.718,111.642,96.368,95.305,203.589,148.938,93.621,102.582
122.483,113.931,111.896,114.579,197.557,168.345,103.808,188.881,113.471,98.781,96.598,205.72,150.363,96.703,101.103
119.963,112.692,110.338,115.849,198.581,169.192,104.062,188.487,113.226,97.743,95.697,203.142,150.968,96.159,103.36
121.701,111.837,110.784,113.944,197.434,167.428,102.642,189.696,112.434,98.317,96.323,205.963,150.93,95.081,102.196
120.915,113.433,110.533,115.31,198.696,166.878,103.043,188.129,112.887,97.98,94.927,203.944,150.449,95.025,101.166
122.096,110.76,110.046,114.978,197.836,168.029,104.047,189.116,113.32,98.638,97.159,204.174,150.359,94.748,101.512
118.684,112.766,110.831,115.42,198.327,168.814,104.963,188.476,113.036,97.75,95.786,204.184,150.914,96.111,103.095
120.281,111.874,109.636,115.636,198.393,167.26,102.076,187.877,113.225,97.727,97.32,205.584,150.804,96.698,102.748
118.79,111.662,112.443,116.179,197.548,166.705,102.331,190.219,113.047,98.183,95.953,204.01,151.1,96.296,102.833
121.011,113.708,109.441,115.129,197.385,167.747,103.182,187.952,113.065,97.745,96.191,204.517,151.895,94.868,102.665
120.237,113.167,110.935,114.451,196.483,166.555,102.055,188.18,114.119,98.543,96.854,205.093,151.207,96.242,101.155
120.986,111.195,111.267,115.043,196.64,165.119,102.032,187.174,113.641,97.856,95.835,206.291,151.949,97.263,101.423
119.966,112.674,110.584,115.352,197.683,166.491,103.723,189.123,114.735,98.731,98.278,205.052,149.375,93.662,102.838
120.029,112.961,111.447,114.853,197.078,166.631,102.143,189.215,111.455,96.672,93.688,203.48,150.404,95.041,102.029
121.593,112.791,110.192,114.137,196.053,167.36,102.037,189.775,114.545,98.982,96.266,204.227,149.879,93.495,101.272
120.286,111.932,108.952,114.332,196.917,166.917,103.501,190.552,112.301,98.036,95.036,204.13,149.618,95.971,102.438
123.089,112.699,110.791,115.291,196.78,168.002,104.413,188.394,113.01,98.858,96.585,204.72,151.185,96.324,102.418
119.19,110.616,108.65,114.084,196.144,166.014,102.052,188.764,110.927,96.466,95.249,205.602,151.244,97.256,103.933
123.099,112.859,109.29,114.911,197.724,166.806,103.209,185.761,112.265,97.362,95.436,203.805,151.603,96.951,102.515
120.308,113.046,110.113,115.435,197.31,168.039,102.867,190.799,111.559,98.006,96.129,205.4,148.971,93.616,102.736
120.84,110.86,109.413,114.975,197.54,166.454,102.834,189.394,112.906,97.47,94.267,203.902,148.696,93.907,101.504
120.116,111.503,109.423,116.2,202.738,167.786,103.981,194.009,112.203,95.907,95.002,212.821,154.506,94.76,103.396
126.875,131.247,125.458,117.464,243.029,197.2,118.539,234.865,132.54,105.211,96.037,301.668,215.39,99.905,124.656
122.117,118.558,118.039,114.448,217.021,178.458,110.125,209.599,119.813,100.807,95.738,251.224,181.059,97.766,114.344
121.293,114.791,113.201,115.97,207.292,172.346,104.734,200.607,117.446,101.44,97.591,224.86,162.433,96.536,107.266
120.445,112.385,113.117,116.102,204,171.872,104.767,195.202,114.43,98.919,97.986,215.154,156.978,93.613,106.117
121.612,113.76,111.879,115.908,202.132,170.561,103.485,195.161,114.795,100.138,99.001,213.213,156.474,96.668,102.767
122.014,112.711,111.151,113.323,200.155,169.152,101.786,193.46,114.879,99.437,98.445,210.765,154.381,96.89,101.135
121.634,112.232,109.964,114.292,199.991,169.169,104.18,194.298,113.418,97.564,96.258,208.297,155.053,96.142,102.368
119.262,111.678,109.643,118.378,202.396,172.374,106.728,193.994,114.942,99.212,98.042,210.532,155.81,97.258,103.297
121.749,113.15,111.367,115.217,199.742,169.658,103.187,190.547,111.651,98.337,97.419,207.729,154.958,96.473,102.502
120.37,114.38,110.972,117.6,202.101,169.688,105.386,191.545,114.972,98.04,96.036,206.467,153.671,96.191,104.616
119.38,113.523,110.426,115.026,199.01,168.776,103.992,191.822,113.714,99.119,97.96,208.214,152.194,93.872,102.472
121.442,114.205,112.303,115.354,200.156,169.158,103.452,189.679,112.131,97.091,95.913,207.176,152.585,95.401,103.383
119.819,112.16,110.805,116.251,200.562,169.158,103.061,188.406,112.434,98.29,96.038,205.606,151.49,95.048,102.736
123.214,111.632,110.935,114.909,197.894,167.474,102.389,190.433,111.562,96.767,95.535,206.659,152.209,95.735,102.275
120.148,114.038,110.626,114.356,196.9,166.841,101.963,190.582,114.35,98.291,97.927,207.096,151.156,94.307,102.952
121.224,111.905,109.543,114.579,198.795,168.706,104.154,188.62,112.302,97.234,96.929,205.819,149.896,94.662,102.507
121.574,110.888,106.626,112.931,196.691,166.962,103.314,190.17,113.737,98.596,96.744,204.952,151.341,94.749,102.221
121.538,112.912,110.573,114.918,197.763,167.276,101.993,189.979,113.023,97.918,95.395,204.099,150.211,95.133,101.342
121.12,112.132,110.214,117.704,200.953,170.432,105.158,191.516,113.805,97.225,96.4,203.877,153.673,97.549,102.255
120.922,111.224,110.71,114.361,198.269,168.241,104.02,190.349,112.782,96.854,95.694,205.639,149.486,92.607,102.023
121.425,112.024,109.919,114.418,198.022,168.431,102.871,189.051,109.811,94.562,93.451,204.127,149.736,93.359,102.032
119.222,111.232,109.124,114.66,197.376,168.904,104.375,189.136,113.454,98.353,96.174,205.6,150.865,95.847,102.506
120.279,111.925,108.021,112.225,195.892,166.203,102.09,190.103,113.615,98.406,97.303,206.739,149.039,94.18,101.775
118.265,111.728,110.202,116.787,198.814,169.577,103.71,190.387,113.873,98.857,95.719,206.004,150.981,96.871,101.32
121.352,110.209,110.791,115.346,200.217,169.018,103.946,189.054,114.891,97.333,95.338,203.563,150.784,94.882,101.3
122,112.875,110.942,113.829,198.449,167.565,103.212,188.873,112.68,97.949,95.683,204.758,150.846,96.599,102.367
122.489,109.868,108.739,113.797,197.19,168.072,102.587,189.965,111.451,97.23,96.049,204.296,151.367,94.698,101.485
119.385,112.662,110.431,115.063,197.466,168.009,103.581,188.618,112.118,96.323,93.499,204.597,150.018,95.435,102.35
120.929,113.542,110.717,117.165,200.146,169.204,103.925,189.273,113.684,100.133,98.599,207.338,149.147,93.922,101.338
120.524,112.903,111.156,116.132,199.684,168.03,103.383,190.271,112.153,96.329,94.997,203.258,150.917,94.996,102.929
120.2,112.067,107.068,114.488,196.382,165.96,102.221,189.827,110.689,95.962,94.656,204.403,151.278,95.082,101.742
121.25,112.632,109.054,116.746,198.832,168.647,103.586,188.879,111.96,96.211,95.039,202.848,149.784,95.252,103.676
122.757,110.884,107.762,115.53,197.834,168.106,104.008,188.788,112.804,98.271,96.299,204.352,151.921,95.82,102.468
122.081,111.311,111.938,116.173,200.407,168.839,104.341,186.804,112.611,97.933,96.919,205.382,150.058,95.569,103.356
121.735,111.713,110.43,115.524,198.807,167.335,102.813,190.343,112.924,98.436,95.45,204.09,150.109,94.915,102.941
120.227,111.941,112.145,116.107,198.735,167.981,103.282,187.636,112.237,98.614,97.445,205.952,151.375,96.314,101.44
121.575,114.626,110.908,114.861,197.456,168.118,103.112,189.877,111.781,97.25,97.013,205.086,148.585,92.976,103.316
118.842,112.327,109.922,115.431,198.431,168.152,102.8,188.727,113.385,97.516,95.744,204.012,152.092,96.757,103.617
119.721,112.773,110.83,114.815,196.962,166.867,102.126,190.608,113.149,98.514,96.487,205.443,152.504,96.572,104.052
121.181,112.725,113.364,116.544,197.625,168.515,102.727,188.965,111.764,96.83,96.767,205.108,151.61,95.001,102.261
119.98,111.434,109.806,115.549,198.365,168.723,104.709,191.645,112.162,97.259,94.812,203.993,150.644,94.87,102.416
121.799,113.087,108.272,114.97,198.238,167.425,103.226,189.401,112.685,96.896,97.29,205.423,150.323,93.863,101.373
118.503,111.802,112.531,115.961,198.365,167.444,103.309,189.82,114.301,98.861,96.93,205.702,153.092,96.767,100.822
120.076,110.989,110.023,113.714,196.866,166.917,102.519,190.603,111.953,97.545,96.838,203.969,153.147,96.364,102.474
120.236,111.41,108.097,114.745,196.539,166.617,102.137,190.291,112.829,96.565,94.713,204.051,151.115,95.664,100.671
121.848,113.557,109.862,114.275,197.093,166.854,102.294,190.03,114.165,98.701,96.721,205.837,150.46,95.085,102.177
123.598,111.864,110.296,114.348,197.413,168.001,102.868,188.615,111.771,97.755,94.408,204.379,149.966,93.641,102.577
120.292,113.556,110.241,116.43,198.103,168.08,104.519,190.687,113.028,97.389,97.015,204.789,150.299,95.991,101.244
120.41,111.825,110.78,114.549,196.576,166.146,102.945,189.237,112.135,96.106,95.661,205.887,151.487,96.126,103.356
124.333,110.862,110.989,117.871,199.446,170.032,103.438,190.405,113.069,98.14,96.278,205.32,151.042,95.587,101.98
121.823,112.595,111.212,115.605,198.368,168.323,103.847,188.718,110.023,96.485,94.487,205.242,149.707,95.128,103.675
119.45,112.214,111.425,116.199,198.673,169.562,103.371,188.637,111.685,97.305,95.71,204.941,152.949,97.949,103.084
121.971,111.085,111.33,117.342,200.134,169.898,103.726,187.967,112.691,98.128,96.734,204.204,149.353,95.006,101.021
120.173,112.04,111.846,116.822,199.025,167.845,102.564,190.617,111.729,96.801,96.458,205.247,152.044,95.94,102.868
120.545,111.599,109.782,114.968,197.067,168.271,104.109,188.393,113.143,96.884,96.062,204.195,148.208,95.289,101.694
119.338,111.433,110.12,115.881,197.744,167.083,102.431,188.349,112.441,97.238,95.104,205.429,148.435,93.52,101.487
123.676,111.323,109.942,116.241,198.996,168.705,104.993,188.912,111.194,97.056,97.648,205.116,151.622,95.453,102.486
119.849,112.844,109.468,113.314,196.04,166.272,102.424,188.719,111.841,97.08,95.584,203.864,149.72,94.735,102.932
125.41,135.832,126.231,116.139,258.337,212.149,114.709,241.74,139.314,105.449,98.806,299.143,217.851,101.708,124.123
123.541,119.12,124.58,116.308,227.692,187.6,108.808,215.247,127.744,102.204,97.86,249.816,182.884,97.762,115.09
121.821,114.795,119.288,116.576,212.325,176.013,105.102,201.585,117.483,98.816,94.911,223.729,162.922,95.129,109.403
120.8,112.185,115.827,117.384,207.737,173.666,104.976,197.48,113.449,97.867,94.907,214.373,157.605,95.503,106.877
124.601,112.384,111.672,116.261,204.524,172.752,104.471,193.522,113.362,96.545,95.517,210.173,153.24,92.572,104.324
121.954,113.746,111.444,115.609,204.208,171.669,105.186,192.036,112.285,96.929,96.511,209.699,150.783,92.667,103.657
123.955,113.39,111.028,116.485,203.58,171.439,103.863,192.925,113.544,97.396,95.627,207.477,153.636,95.579,103.814
117.566,112.503,111.388,116.833,202.705,170.611,104.297,192.545,113.155,96.801,96.25,207.035,151.27,93.603,103.792
121.695,112.805,111.052,116.041,202.136,170.36,103.321,192.987,113.104,97.983,95.454,207.567,153.542,95.862,103.302
120.575,112.561,110.869,115.433,200.847,171.715,104.027,192.39,111.992,96.561,94.652,207.078,152.47,94.441,104.611
120.659,111.829,109.189,116.393,200.693,169.844,104.287,192.194,113.619,98.832,96.375,205.849,155.809,98.528,103.279
121.027,109.75,112.437,114.002,201.189,169.099,102.545,190.889,111.255,96.246,93.556,206.98,150.946,94.656,103.453
120.679,114.559,111.829,115.883,201.107,172.308,104.885,190.175,112.739,97.989,97.047,208.057,153.99,96.119,105.455
123.882,111.197,109.431,116.071,200.345,169.4,104.265,189.974,114.619,98.622,97.013,207.136,151.88,94.741,104.678
119.067,113.799,110.347,114.738,199.245,169.344,103.557,192.361,113.345,97.024,94.972,205.905,152.655,95.365,102.556
121.352,110.895,109.861,115.341,198.667,168.596,102.234,191.898,111.915,97.692,96.79,205.833,154.12,96.999,102.812
120.856,112.172,109.417,116.721,201.333,170.967,104.952,190.278,112.217,96.752,95.697,205.596,150.676,95.568,104.072
119.842,111.79,110.063,114.242,199.584,166.684,102.346,190.763,112.776,97.408,96.769,206.732,151.437,94.101,103.588
121.461,112.513,112.117,115.312,199.125,168.262,103.256,189.984,113.996,98.499,98.095,207.464,152.313,96.518,103.424
120.509,113.287,108.774,114.594,198.377,167.009,102.252,189.086,112.237,97.598,97.158,206.422,151.994,95.009,102.105
119.774,111.765,110.205,114.967,199.387,168.615,102.883,188.687,113.483,98.238,97.388,206.042,154.037,96.668,102.89
118.638,111.108,109.426,114.635,197.715,167.487,102.475,189.578,113.443,97.693,96.987,204.655,151.95,95.071,101.31
119.145,111.343,110.045,114.281,198.962,168.945,104.542,189.272,112.537,97.048,95.114,204.443,149.786,93.995,101.893
120.161,110.676,111.439,117.149,199.495,170.517,104.082,190.321,112.064,97.783,97.9,207.438,150.947,95.15,104.012
122.611,114.404,108.863,113.661,197.16,167.279,102.227,189.6,114.061,98.18,96.502,205.918,151.65,95.859,101.935
119.263,112.618,111.354,116.597,199.187,169.052,103.606,189.185,112.21,97.195,95.459,204.693,150.669,94.5,102.227
120.432,112.075,108.954,115.46,199.287,169.017,103.872,188.733,112.378,96.931,97.426,206.508,151.429,95.937,102.867
118.216,112.671,110.154,115.932,198.978,168.531,103.992,187.368,112.531,97.522,96.1,204.886,150.055,95.764,103.867
118.194,112.984,108.868,114.118,196.582,167.415,103.078,189.744,111.823,97.257,96.203,203.794,149.707,94.163,103.172
119.968,112.998,107.509,112.97,196.807,167.667,103.625,191.157,113.041,97.406,95.68,205.088,150.937,97.554,100.605
119.47,113.05,110.802,116.665,199.639,169.636,105.595,190.209,112.084,97.392,95.945,205.204,150.357,95.132,103.341
120.283,113.967,111.605,116.535,200.258,170.319,103.535,189.55,113.331,98.188,97.297,205.932,151.863,96.626,103.635
120.625,111.341,107.489,114.894,198.358,169.142,104.102,187.595,111.698,96.468,95.052,205.599,151.204,97.131,103.844
118.623,113.159,109.982,113.954,195.986,165.71,101.206,188.215,113.824,97.86,96.328,203.823,152.85,96.402,103.151
119.835,111.778,109.242,115.671,199.2,168.075,102.951,188.55,111.123,95.645,94.674,203.632,151.546,95.827,102.042
120.71,112.485,109.244,114.798,197.072,167.682,103.556,189.511,113.706,99.39,98.786,206.066,150.178,96.21,104.424
122.003,112.508,107.172,114.831,197.132,168.762,104.816,191.549,111.592,97.525,96.85,207.465,153.154,96.784,103.833
118.011,112.008,110.075,116.186,199.293,169.355,103.028,188.734,111.637,98.183,97.563,206.024,151.55,96.532,104.034
119.294,112.409,108.897,115.279,197.314,167.874,102.522,187.597,111.434,97.289,95.827,204.804,150.252,94.141,102.37
120.027,112.011,110.307,116.578,200.337,169.954,103.492,187.1,113.13,98.035,96.91,204.831,152.248,97.493,103.003
120.043,113.26,109.207,114.848,197.708,168.367,103.098,189.997,111.759,95.006,93.225,204.184,147.216,92.809,103.468
121.262,113.74,111.329,115.155,196.685,167.709,102.402,188.879,113.469,98.712,98.357,206.21,149.551,94.115,102.791
122.184,111.341,109.597,115.49,197.802,169.015,102.992,189.598,112.606,96.486,94.629,203.041,150.549,94.334,103.218
122.636,112.597,112.1,116.022,199.614,169.393,104.005,189.968,112.191,97.154,95.312,205.521,148.297,94.62,102.57
120.225,112.657,109.565,115.385,198.415,169.167,103.657,190.362,110.232,96.882,94.64,204.449,149.556,95.628,104.601
118.404,113.195,110.868,116.652,199.276,168.926,103.964,188.387,114.706,99.248,98.195,207.672,150.966,97.439,103.492
121.965,113.136,110.825,116.068,199.604,167.913,103.263,188.298,111.885,98.075,96.382,206.251,148.983,93.562,102.427
119.844,112.043,110.696,115.537,197.661,168.533,103.36,189.855,112.618,97.541,96.192,204.247,151.13,94.33,102.13
120.161,112.354,109.456,115.18,197.528,167.834,103.73,188.657,111.596,96.94,96.316,204.413,149.643,95.438,101.064
120.168,112.982,109.834,115.943,197.435,168.738,103.604,189.524,110.991,96.193,93.388,202.465,151.404,95.887,104.354
119.902,111.036,108.114,114.665,195.994,166.65,103.303,188.546,111.922,97.04,96.415,204.299,152.39,96.425,105.416
120.057,114.059,111.688,117.186,199.485,169.199,104.111,189.802,111.96,96.974,97.178,206.428,150.546,96.254,103.137
118.208,112.976,109.834,113.813,195.801,165.645,100.951,188.454,111.212,95.411,93.778,202.38,150.607,95.19,103.801
122.996,112.009,110.559,118.303,200.005,170.028,105.876,187.532,111.624,96.812,94.284,203.614,151.157,95.81,103.889
128.244,128.882,119.183,115.916,252.751,217.148,113.518,228.357,134.943,104.07,97.09,277.73,204.662,100.69,118.87
124.274,120.443,123.533,116.867,237.358,207.255,112.361,213.237,130.033,101.622,96.009,251.572,190.304,98.56,115.246
120.807,113.887,118.907,116.146,214.581,182.296,105.596,199.837,118.752,98.469,95.347,222.076,166.717,97.315,107.349
120.929,112.595,114.616,113.24,205.21,173.836,102.241,194.519,114.181,96.291,95.272,212.447,158.989,95.453,104.409
120.859,114.162,114.462,116.802,205.705,174.047,104.433,192.066,112.926,97.733,95.822,210.283,154.589,94.962,103.89
120.756,112.195,111.037,116.94,204.457,172.576,105.455,193.446,114.407,98.483,97.4,209.419,154.876,95.466,102.585
122.8,113.33,112.234,114.879,202.07,171.844,103.505,192.59,113.323,97.61,97.607,207.83,154.563,96.167,102.738
120.188,113.326,111.047,116.354,201.422,171.273,103.831,191.102,113.241,98.2,94.854,207.121,153.47,95.561,102.371
120.581,113.351,110.435,115.111,199.858,170.402,103.23,190.037,112.603,97.599,96.297,206.615,151.72,95.272,104.033
121.189,113.166,112.772,116.584,201.441,171.934,104.365,189.827,112.509,98.341,98.559,207.809,152.512,95.927,103.407
120.876,111.849,110.596,114.103,199.188,169.551,102.656,190.984,115.252,98.846,97.032,207.65,153.813,95.8,102.169
122.463,114.492,111.43,115.57,201.613,171.006,103.972,190.91,112.209,96.03,94.4,205.935,151.884,94.765,103.743
119.657,112.561,111.321,117.63,201.702,171.497,104.204,190.027,113.184,97.787,95.666,205.799,152.256,96.163,103.574
120.614,114.149,109.232,118.717,201.352,171.284,105.495,190.747,114.956,99.09,97.379,206.936,151.76,95.734,101.52
119.909,110.937,111.994,115.544,199.515,169.953,104.516,191.247,112.258,97.145,94.876,206.086,152.935,96.796,101.965
